load #,carrier,subcarrier,lane,shipper accounts,origin scheduled depart,origin actual arrival,dest scheduled arrival,dest actual arrival,dest finish unload,trailer id,canceled load,trailer ready time,origin late hours,equipment type,pallet count,unit count
115V6JQ33,AZNG,AZNG,RGLD->MQY1,TransfersOutsideServices,2026-10-09 15:00:00,,2026-10-09 16:26:00,,,,False,2026-10-09 15:00:00,,FIFTY_THREE_FOOT_TRUCK,,0
116C9QWFY,AZNG,AZNG,RIMG->FTW5,TransfersOutsideServices,2026-10-09 14:00:00,,2026-10-09 16:02:00,,,,False,2026-10-09 14:00:00,,FIFTY_THREE_FOOT_TRUCK,,0
1111DJQV6,AZNG,AZNG,RTPX->HSV1,TransfersOutsideServices,2026-10-09 13:00:00,,2026-10-10 12:00:00,,,,False,2026-10-09 13:00:00,,FIFTY_THREE_FOOT_TRUCK,,0
1114JD9T3,AZNG,AZNG,RTPX->HSV1,TransfersOutsideServices,2026-10-09 12:00:00,,2026-10-10 11:00:00,,,,False,2026-10-09 12:00:00,,FIFTY_THREE_FOOT_TRUCK,,0
111565XCR,AZNG,AZNG,RIMG->FTW5,TransfersOutsideServices,2026-10-09 11:00:00,,2026-10-09 13:02:00,,,,False,2026-10-09 11:00:00,,FIFTY_THREE_FOOT_TRUCK,,0
115SPKBVF,AZNG,AZNG,RIMG->FTW6,TransfersOutsideServices,2026-10-09 11:00:00,,2026-10-09 12:00:00,,,,False,2026-10-09 11:00:00,,FIFTY_THREE_FOOT_TRUCK,,0
111458DGH,AZNG,AZNG,YVR3->RIVA,TransfersOutsideServices,2026-10-09 11:00:00,,2026-10-09 12:15:00,,,,False,2026-10-09 11:00:00,,FIFTY_THREE_FOOT_TRUCK,,0
112DZL4VX,AZNG,AZNG,CVG2->LNRM,TransfersOutsideServices,2026-10-09 10:00:00,,2026-10-09 10:53:00,,,,False,2026-10-09 10:00:00,,FIFTY_THREE_FOOT_TRUCK,,0
116T3WRQM,AZNG,AZNG,RARC->MGE3,TransfersOutsideServices,2026-10-09 10:00:00,,2026-10-09 12:47:00,,,,False,2026-10-09 10:00:00,,FIFTY_THREE_FOOT_TRUCK,,0
114JQCH56,AZNG,AZNG,YYZ1->RITO,TransfersOutsideServices,2026-10-09 10:00:00,,2026-10-09 10:49:00,,,,False,2026-10-09 10:00:00,,FIFTY_THREE_FOOT_TRUCK,,0
1158N4C9F,AZNG,,RARC->AGS1,TransfersOutsideServices,2026-10-09 10:00:00,,2026-10-09 11:18:00,,,,False,2026-10-09 10:00:00,,TWENTY_SIX_FOOT_BOX_TRUCK,,0
1158K82Y6,AZNG,AZNG,RPNC->GSO1,TransfersOutsideServices,2026-10-09 10:00:00,,2026-10-09 14:00:00,,,,False,2026-10-09 10:00:00,,FIFTY_THREE_FOOT_TRUCK,,0
115HRJ7JP,AZNG,AZNG,RTPX->DAL3,TransfersOutsideServices,2026-10-09 10:00:00,,2026-10-09 11:07:00,,,,False,2026-10-09 10:00:00,,FIFTY_THREE_FOOT_TRUCK,,0
113S7T3N8,AZNG,AZNG,RPNV->LAS7,TransfersOutsideServices,2026-10-09 10:00:00,,2026-10-09 10:55:00,,,,False,2026-10-09 10:00:00,,FIFTY_THREE_FOOT_TRUCK,,0
114535TWR,AZNG,AZNG,RTPX->DAL3,TransfersOutsideServices,2026-10-09 09:00:00,,2026-10-09 10:07:00,,,,False,2026-10-09 09:00:00,,FIFTY_THREE_FOOT_TRUCK,,0
1122BD6RJ,AZNG,AZNG,RITO->YYZ1,TransfersOutsideServices,2026-10-09 09:00:00,,2026-10-09 09:51:00,,,,False,2026-10-09 09:00:00,,FIFTY_THREE_FOOT_TRUCK,,0
115HQPV5N,AZNG,,RIVA->YYC1,TransfersOutsideServices,2026-10-09 09:00:00,,2026-10-10 03:00:00,,,,False,2026-10-09 09:00:00,,FIFTY_THREE_FOOT_TRUCK,,0
115MQYSFR,AZNG,AZNG,RPNC->GSO1,TransfersOutsideServices,2026-10-09 09:00:00,,2026-10-09 13:00:00,,,,False,2026-10-09 09:00:00,,FIFTY_THREE_FOOT_TRUCK,,0
113QJY57V,AZNG,AZNG,RIVA->YVR3,TransfersOutsideServices,2026-10-09 09:00:00,,2026-10-09 10:17:00,,,,False,2026-10-09 09:00:00,,FIFTY_THREE_FOOT_TRUCK,,0
115FWG6C4,AZNG,AZNG,RITO->YYZ9,TransfersOutsideServices,2026-10-09 08:30:00,,2026-10-09 09:56:00,,,,False,2026-10-09 08:30:00,,FIFTY_THREE_FOOT_TRUCK,,0
112CNQ9NS,AZNG,AZNG,RPNV->LAS6,TransfersOutsideServices,2026-10-09 08:00:00,,2026-10-09 08:39:00,,,,False,2026-10-09 08:00:00,,FIFTY_THREE_FOOT_TRUCK,,0
11647GJ4N,AZNG,AZNG,RPNC->GSO1,TransfersOutsideServices,2026-10-09 08:00:00,,2026-10-09 12:00:00,,,,False,2026-10-09 08:00:00,,FIFTY_THREE_FOOT_TRUCK,,0
112J3DXQC,AZNG,AZNG,RPNV->LAS6,TransfersOutsideServices,2026-10-09 08:00:00,,2026-10-09 08:39:00,,,,False,2026-10-09 08:00:00,,FIFTY_THREE_FOOT_TRUCK,,0
116KKWKMQ,AZNG,AZNG,RPNC->GSO1,TransfersOutsideServices,2026-10-09 07:00:00,,2026-10-09 11:00:00,,,,False,2026-10-09 07:00:00,,FIFTY_THREE_FOOT_TRUCK,,0
114VF81PL,AZNG,AZNG,TUS1->RPNV,TransfersOutsideServices,2026-10-09 04:30:00,,2026-10-09 11:16:00,,,,False,2026-10-09 04:30:00,,FIFTY_THREE_FOOT_TRUCK,,0
115QM1FDG,AZNG,AZNG,SDF6->RPNC,TransfersOutsideServices,2026-10-09 04:00:00,,2026-10-09 11:41:00,,,,False,2026-10-09 04:00:00,,FIFTY_THREE_FOOT_TRUCK,,0
116K153WP,AZNG,AZNG,SDF6->RPNC,TransfersOutsideServices,2026-10-09 04:00:00,,2026-10-09 11:41:00,,,,False,2026-10-09 04:00:00,,FIFTY_THREE_FOOT_TRUCK,,0
1156B4V6N,AJZYZ,AJZYZ,CVG2->RPNC,TransfersOutsideServices,2026-10-08 23:00:00,,2026-10-09 07:53:00,,,,False,2026-10-08 23:00:00,,FIFTY_THREE_FOOT_TRUCK,,0
116KGR8WC,AZNG,AZNG,RIMG->FTW5,TransfersOutsideServices,2026-10-08 14:00:00,,2026-10-08 16:02:00,,,,False,2026-10-08 14:00:00,,FIFTY_THREE_FOOT_TRUCK,,0
115HQYKTS,AZNG,AZNG,RTPX->HSV1,TransfersOutsideServices,2026-10-08 13:00:00,,2026-10-09 12:00:00,,,,False,2026-10-08 13:00:00,,FIFTY_THREE_FOOT_TRUCK,,0
114494DC9,AZNG,AZNG,RTPX->HSV1,TransfersOutsideServices,2026-10-08 12:00:00,,2026-10-09 11:00:00,,,,False,2026-10-08 12:00:00,,FIFTY_THREE_FOOT_TRUCK,,0
111W5HRF8,AZNG,AZNG,RIMG->FTW6,TransfersOutsideServices,2026-10-08 11:00:00,,2026-10-08 12:00:00,,,,False,2026-10-08 11:00:00,,FIFTY_THREE_FOOT_TRUCK,,0
1124DBN1H,AZNG,AZNG,RIMG->FTW5,TransfersOutsideServices,2026-10-08 11:00:00,,2026-10-08 13:02:00,,,,False,2026-10-08 11:00:00,,FIFTY_THREE_FOOT_TRUCK,,0
11671K144,AZNG,AZNG,RRPR->CMH3,TransfersOutsideServices,2026-10-08 10:30:00,,2026-10-08 12:23:00,,,,False,2026-10-08 10:30:00,,FIFTY_THREE_FOOT_TRUCK,,0
115ZC13YJ,AZNG,AZNG,RRPR->CMH4,TransfersOutsideServices,2026-10-08 10:30:00,,2026-10-08 13:23:00,,,,False,2026-10-08 10:30:00,,FIFTY_THREE_FOOT_TRUCK,,0
112G358YD,AZNG,AZNG,RRPR->CMH3,TransfersOutsideServices,2026-10-08 10:30:00,,2026-10-08 12:23:00,,,,False,2026-10-08 10:30:00,,FIFTY_THREE_FOOT_TRUCK,,0
1162RFBM7,AZNG,AZNG,CVG2->LNRM,TransfersOutsideServices,2026-10-08 10:00:00,,2026-10-08 10:53:00,,,,False,2026-10-08 10:00:00,,FIFTY_THREE_FOOT_TRUCK,,0
116CCYB9X,AZNG,AZNG,RARC->MGE3,TransfersOutsideServices,2026-10-08 10:00:00,,2026-10-08 12:47:00,,,,False,2026-10-08 10:00:00,,FIFTY_THREE_FOOT_TRUCK,,0
114WK2LS4,AZNG,AZNG,RTPX->DAL3,TransfersOutsideServices,2026-10-08 10:00:00,,2026-10-08 11:07:00,,,,False,2026-10-08 10:00:00,,FIFTY_THREE_FOOT_TRUCK,,0
112BLGYYN,AZNG,AZNG,RPNC->GSO1,TransfersOutsideServices,2026-10-08 10:00:00,,2026-10-08 14:00:00,,,,False,2026-10-08 10:00:00,,FIFTY_THREE_FOOT_TRUCK,,0
113LJP2R4,AZNG,AZNG,RPNC->GSO1,TransfersOutsideServices,2026-10-08 09:00:00,,2026-10-08 13:00:00,,,,False,2026-10-08 09:00:00,,FIFTY_THREE_FOOT_TRUCK,,0
114YR9KHB,AZNG,AZNG,RTPX->DAL3,TransfersOutsideServices,2026-10-08 09:00:00,,2026-10-08 10:07:00,,,,False,2026-10-08 09:00:00,,FIFTY_THREE_FOOT_TRUCK,,0
1126V7MJ9,AZNG,AZNG,RITO->YYZ9,TransfersOutsideServices,2026-10-08 08:30:00,,2026-10-08 09:56:00,,,,False,2026-10-08 08:30:00,,FIFTY_THREE_FOOT_TRUCK,,0
1113RLVVH,AZNG,AZNG,RPNV->LAS6,TransfersOutsideServices,2026-10-08 08:00:00,,2026-10-08 08:39:00,,,,False,2026-10-08 08:00:00,,FIFTY_THREE_FOOT_TRUCK,,0
114X31J55,AZNG,AZNG,RPNV->LAS6,TransfersOutsideServices,2026-10-08 08:00:00,,2026-10-08 08:39:00,,,,False,2026-10-08 08:00:00,,FIFTY_THREE_FOOT_TRUCK,,0
1118R9DX4,AZNG,AZNG,RPNC->GSO1,TransfersOutsideServices,2026-10-08 08:00:00,,2026-10-08 12:00:00,,,,False,2026-10-08 08:00:00,,FIFTY_THREE_FOOT_TRUCK,,0
1111GR41G,AZNG,AZNG,RIMG->FTW5,TransfersOutsideServices,2026-10-08 07:30:00,,2026-10-08 09:32:00,,,,False,2026-10-08 07:30:00,,FIFTY_THREE_FOOT_TRUCK,,0
1143G7T2F,AZNG,AZNG,RPNC->GSO1,TransfersOutsideServices,2026-10-08 07:00:00,,2026-10-08 11:00:00,,,,False,2026-10-08 07:00:00,,FIFTY_THREE_FOOT_TRUCK,,0
113WP7GQL,AZNG,AZNG,CLT6->RPNC,TransfersOutsideServices,2026-10-08 06:00:00,,2026-10-08 11:15:00,,,,False,2026-10-08 06:00:00,,FIFTY_THREE_FOOT_TRUCK,,0
116DRG2RH,AZNG,AZNG,SDF6->RPNC,TransfersOutsideServices,2026-10-08 04:00:00,,2026-10-08 11:41:00,,,,False,2026-10-08 04:00:00,,FIFTY_THREE_FOOT_TRUCK,,0
112S4CNHK,AZNG,AZNG,SDF6->RPNC,TransfersOutsideServices,2026-10-08 04:00:00,,2026-10-08 11:41:00,,,,False,2026-10-08 04:00:00,,FIFTY_THREE_FOOT_TRUCK,,0
1156CZYKR,AZNG,AZNG,LUK7->RPNC,TransfersOutsideServices,2026-10-08 03:00:00,,2026-10-08 12:00:00,,,,False,2026-10-08 03:00:00,,FIFTY_THREE_FOOT_TRUCK,,0
1157DF5M5,AJZYZ,AJZYZ,CVG2->RPNC,TransfersOutsideServices,2026-10-07 23:00:00,,2026-10-08 07:53:00,,,,False,2026-10-07 23:00:00,,FIFTY_THREE_FOOT_TRUCK,,0
11622K7D9,AZNG,AZNG,RIMG->FTW5,TransfersOutsideServices,2026-10-07 14:00:00,,2026-10-07 16:02:00,,,,False,2026-10-07 14:00:00,,FIFTY_THREE_FOOT_TRUCK,,0
1139L898B,AZNG,AZNG,RTPX->HSV1,TransfersOutsideServices,2026-10-07 13:00:00,,2026-10-08 12:00:00,,,,False,2026-10-07 13:00:00,,FIFTY_THREE_FOOT_TRUCK,,0
111BKNPKN,AZNG,AZNG,RTPX->HSV1,TransfersOutsideServices,2026-10-07 12:00:00,,2026-10-08 11:00:00,,,,False,2026-10-07 12:00:00,,FIFTY_THREE_FOOT_TRUCK,,0
1166Q3N85,AZNG,AZNG,RIMG->FTW5,TransfersOutsideServices,2026-10-07 11:00:00,,2026-10-07 13:02:00,,,,False,2026-10-07 11:00:00,,FIFTY_THREE_FOOT_TRUCK,,0
112MTY8CY,EGFM,EGFM,YYZ9->RITO,TransfersOutsideServices,2026-10-07 11:00:00,,2026-10-07 12:23:00,,,,False,2026-10-07 11:00:00,,FIFTY_THREE_FOOT_TRUCK,,0
114Z6CX8T,AZNG,AZNG,YYZ1->RITO,TransfersOutsideServices,2026-10-07 10:00:00,,2026-10-07 10:49:00,,,,False,2026-10-07 10:00:00,,FIFTY_THREE_FOOT_TRUCK,,0
111G1ZYXF,AZNG,AZNG,RTPX->DAL3,TransfersOutsideServices,2026-10-07 10:00:00,,2026-10-07 11:07:00,,,,False,2026-10-07 10:00:00,,FIFTY_THREE_FOOT_TRUCK,,0
114R5LWXL,AZNG,AZNG,RARC->MGE3,TransfersOutsideServices,2026-10-07 10:00:00,,2026-10-07 12:47:00,,,,False,2026-10-07 10:00:00,,FIFTY_THREE_FOOT_TRUCK,,0
1169JMXFG,AZNG,AZNG,RPNC->GSO1,TransfersOutsideServices,2026-10-07 10:00:00,,2026-10-07 14:00:00,,,,False,2026-10-07 10:00:00,,FIFTY_THREE_FOOT_TRUCK,,0
113BX9N5Q,AZNG,,RARC->AGS1,TransfersOutsideServices,2026-10-07 10:00:00,,2026-10-07 11:18:00,,,,False,2026-10-07 10:00:00,,TWENTY_SIX_FOOT_BOX_TRUCK,,0
113T1TTYB,AZNG,AZNG,CVG2->LNRM,TransfersOutsideServices,2026-10-07 10:00:00,,2026-10-07 10:53:00,,,,False,2026-10-07 10:00:00,,FIFTY_THREE_FOOT_TRUCK,,0
113CPV32V,AZNG,AZNG,LEX2->LNRM,TransfersOutsideServices,2026-10-07 10:00:00,,2026-10-07 12:08:00,,,,False,2026-10-07 10:00:00,,FIFTY_THREE_FOOT_TRUCK,,0
114GDFQL7,AZNG,AZNG,RITO->YYZ1,TransfersOutsideServices,2026-10-07 09:00:00,,2026-10-07 09:51:00,,,,False,2026-10-07 09:00:00,,FIFTY_THREE_FOOT_TRUCK,,0
111RRT3PC,AZNG,AZNG,RTPX->DAL3,TransfersOutsideServices,2026-10-07 09:00:00,,2026-10-07 10:07:00,,,,False,2026-10-07 09:00:00,,FIFTY_THREE_FOOT_TRUCK,,0
112VWNTLF,AZNG,AZNG,RPNC->GSO1,TransfersOutsideServices,2026-10-07 09:00:00,,2026-10-07 13:00:00,,,,False,2026-10-07 09:00:00,,FIFTY_THREE_FOOT_TRUCK,,0
111KN9Z8J,AZNG,AZNG,RITO->YYZ9,TransfersOutsideServices,2026-10-07 08:30:00,,2026-10-07 09:56:00,,,,False,2026-10-07 08:30:00,,FIFTY_THREE_FOOT_TRUCK,,0
115JCNLN4,AZNG,AZNG,RPNC->GSO1,TransfersOutsideServices,2026-10-07 08:00:00,,2026-10-07 12:00:00,,,,False,2026-10-07 08:00:00,,FIFTY_THREE_FOOT_TRUCK,,0
113LZFX3K,AZNG,AZNG,RPNV->LAS6,TransfersOutsideServices,2026-10-07 08:00:00,,2026-10-07 08:39:00,,,,False,2026-10-07 08:00:00,,FIFTY_THREE_FOOT_TRUCK,,0
116BKD7T7,AZNG,AZNG,RPNC->GSO1,TransfersOutsideServices,2026-10-07 07:00:00,,2026-10-07 11:00:00,,,,False,2026-10-07 07:00:00,,FIFTY_THREE_FOOT_TRUCK,,0
113XNL1QX,AZNG,AZNG,SDF6->RPNC,TransfersOutsideServices,2026-10-07 04:00:00,,2026-10-07 11:41:00,,,,False,2026-10-07 04:00:00,,FIFTY_THREE_FOOT_TRUCK,,0
114WX8GB6,AZNG,AZNG,SDF6->RPNC,TransfersOutsideServices,2026-10-07 04:00:00,,2026-10-07 11:41:00,,,,False,2026-10-07 04:00:00,,FIFTY_THREE_FOOT_TRUCK,,0
1141Y7L8K,AJZYZ,AJZYZ,CVG2->RPNC,TransfersOutsideServices,2026-10-06 23:00:00,,2026-10-07 07:53:00,,,,False,2026-10-06 23:00:00,,FIFTY_THREE_FOOT_TRUCK,,0
11153CVKZ,AJZYZ,AJZYZ,CVG2->RPNC,TransfersOutsideServices,2026-10-06 23:00:00,,2026-10-07 07:53:00,,,,False,2026-10-06 23:00:00,,FIFTY_THREE_FOOT_TRUCK,,0
113987J1G,AZNG,AZNG,RIMG->FTW5,TransfersOutsideServices,2026-10-06 14:00:00,,2026-10-06 16:02:00,,,,False,2026-10-06 14:00:00,,FIFTY_THREE_FOOT_TRUCK,,0
116CNL3XC,AZNG,AZNG,RTPX->HSV1,TransfersOutsideServices,2026-10-06 13:00:00,,2026-10-07 12:00:00,,,,False,2026-10-06 13:00:00,,FIFTY_THREE_FOOT_TRUCK,,0
111NP6QQD,AZNG,AZNG,RTPX->HSV1,TransfersOutsideServices,2026-10-06 12:00:00,,2026-10-07 11:00:00,,,,False,2026-10-06 12:00:00,,FIFTY_THREE_FOOT_TRUCK,,0
115X63VMG,AZNG,AZNG,EWR7->RPNC,TransfersOutsideServices,2026-10-06 12:00:00,,2026-10-07 15:10:00,,,,False,2026-10-06 12:00:00,,FIFTY_THREE_FOOT_TRUCK,,0
114VN3BDQ,AZNG,AZNG,RRPR->CMH4,TransfersOutsideServices,2026-10-06 10:30:00,,2026-10-06 13:23:00,,,,False,2026-10-06 10:30:00,,FIFTY_THREE_FOOT_TRUCK,,0
112SNXRH3,AZNG,AZNG,RRPR->CMH3,TransfersOutsideServices,2026-10-06 10:30:00,,2026-10-06 12:23:00,,,,False,2026-10-06 10:30:00,,FIFTY_THREE_FOOT_TRUCK,,0
111MFL1PV,AZNG,AZNG,RRPR->CMH3,TransfersOutsideServices,2026-10-06 10:30:00,,2026-10-06 12:23:00,,,,False,2026-10-06 10:30:00,,FIFTY_THREE_FOOT_TRUCK,,0
111ZVBRMZ,AZNG,AZNG,TEN1->RPNC,TransfersOutsideServices,2026-10-06 10:30:00,,2026-10-07 09:36:00,,,,False,2026-10-06 10:30:00,,FIFTY_THREE_FOOT_TRUCK,,0
112ZVJXM3,AZNG,AZNG,RARC->MGE3,TransfersOutsideServices,2026-10-06 10:00:00,,2026-10-06 12:47:00,,,,False,2026-10-06 10:00:00,,FIFTY_THREE_FOOT_TRUCK,,0
113MG7J1S,AZNG,AZNG,LEX2->LNRM,TransfersOutsideServices,2026-10-06 10:00:00,,2026-10-06 12:08:00,,,,False,2026-10-06 10:00:00,,FIFTY_THREE_FOOT_TRUCK,,0
11318NX86,AZNG,AZNG,CVG2->LNRM,TransfersOutsideServices,2026-10-06 10:00:00,,2026-10-06 10:53:00,,,,False,2026-10-06 10:00:00,,FIFTY_THREE_FOOT_TRUCK,,0
112PQSMRQ,AZNG,AZNG,LAS2->PHX6->TUS1->RTPX,TransfersOutsideServices,2026-10-06 10:00:00,,2026-10-08 12:00:00,,,,False,2026-10-06 10:00:00,,FIFTY_THREE_FOOT_TRUCK,,0
114VCD3FP,AZNG,AZNG,MEM3->CHA1->PGA1->RARC,TransfersOutsideServices,2026-10-06 10:00:00,,2026-10-07 11:00:00,,,,False,2026-10-06 10:00:00,,FIFTY_THREE_FOOT_TRUCK,,0
116LG95VM,AZNG,AZNG,RTPX->DAL3,TransfersOutsideServices,2026-10-06 10:00:00,,2026-10-06 11:07:00,,,,False,2026-10-06 10:00:00,,FIFTY_THREE_FOOT_TRUCK,,0
11373TXYL,AZNG,AZNG,RPNC->GSO1,TransfersOutsideServices,2026-10-06 10:00:00,,2026-10-06 14:00:00,,,,False,2026-10-06 10:00:00,,FIFTY_THREE_FOOT_TRUCK,,0
115D7TDKY,AZNG,AZNG,IND8->RRPR,TransfersOutsideServices,2026-10-06 09:45:00,,2026-10-06 12:47:00,,,,False,2026-10-06 09:45:00,,FIFTY_THREE_FOOT_TRUCK,,0
11448654D,EGFM,EGFM,YYZ9->RITO,TransfersOutsideServices,2026-10-06 09:00:00,,2026-10-06 10:23:00,,,,False,2026-10-06 09:00:00,,FIFTY_THREE_FOOT_TRUCK,,0
111XV7ZGV,AZNG,AZNG,RTPX->DAL3,TransfersOutsideServices,2026-10-06 09:00:00,,2026-10-06 10:07:00,,,,False,2026-10-06 09:00:00,,FIFTY_THREE_FOOT_TRUCK,,0
111N9WQBD,AZNG,AZNG,RPNC->GSO1,TransfersOutsideServices,2026-10-06 09:00:00,,2026-10-06 13:00:00,,,,False,2026-10-06 09:00:00,,FIFTY_THREE_FOOT_TRUCK,,0
111RM7CZR,AZNG,AZNG,RITO->YYZ9,TransfersOutsideServices,2026-10-06 08:30:00,,2026-10-06 09:56:00,,,,False,2026-10-06 08:30:00,,FIFTY_THREE_FOOT_TRUCK,,0
114SGN3LL,AZNG,AZNG,RPNV->LAS6,TransfersOutsideServices,2026-10-06 08:00:00,,2026-10-06 08:39:00,,,,False,2026-10-06 08:00:00,,FIFTY_THREE_FOOT_TRUCK,,0
114NTD7NS,AZNG,AZNG,RPNC->GSO1,TransfersOutsideServices,2026-10-06 08:00:00,,2026-10-06 12:00:00,,,,False,2026-10-06 08:00:00,,FIFTY_THREE_FOOT_TRUCK,,0
115DV1VSW,AZNG,AZNG,RPNV->LAS6,TransfersOutsideServices,2026-10-06 08:00:00,,2026-10-06 08:39:00,,,,False,2026-10-06 08:00:00,,FIFTY_THREE_FOOT_TRUCK,,0
111SRLFW8,AZNG,AZNG,RPNC->GSO1,TransfersOutsideServices,2026-10-06 07:00:00,,2026-10-06 11:00:00,,,,False,2026-10-06 07:00:00,,FIFTY_THREE_FOOT_TRUCK,,0
115TYGXHM,AZNG,AZNG,LEX2->RPNC,TransfersOutsideServices,2026-10-06 06:45:00,,2026-10-06 14:01:00,,,,False,2026-10-06 06:45:00,,FIFTY_THREE_FOOT_TRUCK,,0
112B1P876,AZNG,AZNG,LEX1->RPNC,TransfersOutsideServices,2026-10-06 05:45:00,,2026-10-06 13:05:00,,,,False,2026-10-06 05:45:00,,FIFTY_THREE_FOOT_TRUCK,,0
1124249FX,AZNG,AZNG,TUS1->RPNV,TransfersOutsideServices,2026-10-06 04:30:00,,2026-10-06 11:16:00,,,,False,2026-10-06 04:30:00,,FIFTY_THREE_FOOT_TRUCK,,0
116598X9W,AZNG,AZNG,SDF6->RPNC,TransfersOutsideServices,2026-10-06 04:00:00,,2026-10-06 11:41:00,,,,False,2026-10-06 04:00:00,,FIFTY_THREE_FOOT_TRUCK,,0
115LKGW5B,AZNG,AZNG,SDF6->RPNC,TransfersOutsideServices,2026-10-06 04:00:00,,2026-10-06 11:41:00,,,,False,2026-10-06 04:00:00,,FIFTY_THREE_FOOT_TRUCK,,0
113NPDMQ5,AZNG,AZNG,HOU3->RARC,TransfersOutsideServices,2026-10-06 01:00:00,,2026-10-07 08:18:00,,,,False,2026-10-06 01:00:00,,FIFTY_THREE_FOOT_TRUCK,,0
115GDQLK7,AJZYZ,AJZYZ,CVG2->RPNC,TransfersOutsideServices,2026-10-05 23:00:00,,2026-10-06 07:53:00,,,,False,2026-10-05 23:00:00,,FIFTY_THREE_FOOT_TRUCK,,0
1138QMCTZ,AJZYZ,AJZYZ,CVG2->RPNC,TransfersOutsideServices,2026-10-05 23:00:00,,2026-10-06 07:53:00,,,,False,2026-10-05 23:00:00,,FIFTY_THREE_FOOT_TRUCK,,0
1156YS9LY,AZNG,AZNG,RIMG->FTW5,TransfersOutsideServices,2026-10-05 14:00:00,,2026-10-05 16:02:00,,,,False,2026-10-05 14:00:00,,FIFTY_THREE_FOOT_TRUCK,,0
116H7BKR2,AZNG,AZNG,RTPX->HSV1,TransfersOutsideServices,2026-10-05 13:00:00,,2026-10-06 13:17:00,,,,False,2026-10-05 13:00:00,,FIFTY_THREE_FOOT_TRUCK,,0
115NQM9CH,AZNG,AZNG,RTPX->HSV1,TransfersOutsideServices,2026-10-05 12:00:00,,2026-10-06 12:17:00,,,,False,2026-10-05 12:00:00,,FIFTY_THREE_FOOT_TRUCK,,0
112CKSGHK,AZNG,AZNG,RRPR->CMH3,TransfersOutsideServices,2026-10-05 10:30:00,,2026-10-05 12:23:00,,,,False,2026-10-05 10:30:00,,FIFTY_THREE_FOOT_TRUCK,,0
1134747D5,AZNG,AZNG,RRPR->CMH3,TransfersOutsideServices,2026-10-05 10:30:00,,2026-10-05 12:23:00,,,,False,2026-10-05 10:30:00,,FIFTY_THREE_FOOT_TRUCK,,0
114C4SKB1,AZNG,AZNG,RPNC->GSO1,TransfersOutsideServices,2026-10-05 10:00:00,,2026-10-05 14:00:00,,,,False,2026-10-05 10:00:00,,FIFTY_THREE_FOOT_TRUCK,,0
116MD8J5H,AZNG,AZNG,RARC->MGE3,TransfersOutsideServices,2026-10-05 10:00:00,,2026-10-05 12:47:00,,,,False,2026-10-05 10:00:00,,FIFTY_THREE_FOOT_TRUCK,,0
116DXQV4S,AZNG,AZNG,CVG2->LNRM,TransfersOutsideServices,2026-10-05 10:00:00,,2026-10-05 10:53:00,,,,False,2026-10-05 10:00:00,,FIFTY_THREE_FOOT_TRUCK,,0
112SCC2H1,AZNG,AZNG,RTPX->DAL3,TransfersOutsideServices,2026-10-05 10:00:00,,2026-10-05 11:07:00,,,,False,2026-10-05 10:00:00,,FIFTY_THREE_FOOT_TRUCK,,0
111DTNT3N,AZNG,AZNG,RTPX->DAL3,TransfersOutsideServices,2026-10-05 09:00:00,,2026-10-05 10:07:00,,,,False,2026-10-05 09:00:00,,FIFTY_THREE_FOOT_TRUCK,,0
114PXBZMB,AZNG,AZNG,RITO->YYZ1,TransfersOutsideServices,2026-10-05 09:00:00,,2026-10-05 09:51:00,,,,False,2026-10-05 09:00:00,,FIFTY_THREE_FOOT_TRUCK,,0
1145YQXFZ,AZNG,AZNG,RPNC->GSO1,TransfersOutsideServices,2026-10-05 09:00:00,,2026-10-05 13:00:00,,,,False,2026-10-05 09:00:00,,FIFTY_THREE_FOOT_TRUCK,,0
1134M3P66,AZNG,,YYC1->RIVA,TransfersOutsideServices,2026-10-05 09:00:00,,2026-10-06 03:00:00,,,,False,2026-10-05 09:00:00,,FIFTY_THREE_FOOT_TRUCK,,0
1169N6XC2,AZNG,AZNG,CVG2->RRPR,TransfersOutsideServices,2026-10-05 08:45:00,,2026-10-05 09:27:00,,,,False,2026-10-05 08:45:00,,FIFTY_THREE_FOOT_TRUCK,,0
111DQQ7BJ,AZNG,AZNG,RITO->YYZ9,TransfersOutsideServices,2026-10-05 08:30:00,,2026-10-05 09:56:00,,,,False,2026-10-05 08:30:00,,FIFTY_THREE_FOOT_TRUCK,,0
116BWQ8LS,AZNG,AZNG,IAH1->RIMG,TransfersOutsideServices,2026-10-05 08:00:00,,2026-10-05 09:21:00,,,,False,2026-10-05 08:00:00,,FIFTY_THREE_FOOT_TRUCK,,0
114NWPVFM,AZNG,AZNG,RPNC->GSO1,TransfersOutsideServices,2026-10-05 08:00:00,,2026-10-05 12:00:00,,,,False,2026-10-05 08:00:00,,FIFTY_THREE_FOOT_TRUCK,,0
1132QQQ3G,AZNG,AZNG,RPNV->LAS6,TransfersOutsideServices,2026-10-05 08:00:00,,2026-10-05 08:39:00,,,,False,2026-10-05 08:00:00,,FIFTY_THREE_FOOT_TRUCK,,0
114RW613X,AZNG,AZNG,PGA1->CHA1->MEM3->RTPX,TransfersOutsideServices,2026-10-05 08:00:00,,2026-10-08 08:00:00,,,,False,2026-10-05 08:00:00,,FIFTY_THREE_FOOT_TRUCK,,0
116F63LVL,AZNG,AZNG,RPNC->GSO1,TransfersOutsideServices,2026-10-05 07:00:00,,2026-10-05 11:00:00,,,,False,2026-10-05 07:00:00,,FIFTY_THREE_FOOT_TRUCK,,0
111Q8FK97,AZNG,AZNG,LEX1->RRPR,TransfersOutsideServices,2026-10-05 07:00:00,,2026-10-05 09:01:00,,,,False,2026-10-05 07:00:00,,FIFTY_THREE_FOOT_TRUCK,,0
115LSLHWX,AZNG,AZNG,LEX2->RRPR,TransfersOutsideServices,2026-10-05 06:30:00,,2026-10-05 08:41:00,,,,False,2026-10-05 06:30:00,,FIFTY_THREE_FOOT_TRUCK,,0
115XX4KMK,AZNG,AZNG,TUS1->RPNV,TransfersOutsideServices,2026-10-05 04:30:00,,2026-10-05 11:16:00,,,AZNG-V565843,False,2026-10-05 04:30:00,,FIFTY_THREE_FOOT_TRUCK,,0
112H98PSS,AZNG,AZNG,SDF6->RPNC,TransfersOutsideServices,2026-10-05 04:00:00,,2026-10-05 11:41:00,,,,False,2026-10-05 04:00:00,,FIFTY_THREE_FOOT_TRUCK,,0
113RV8XRS,AZNG,AZNG,SDF6->RPNC,TransfersOutsideServices,2026-10-05 04:00:00,,2026-10-05 11:41:00,,,,False,2026-10-05 04:00:00,,FIFTY_THREE_FOOT_TRUCK,,0
1166V8R31,AZNG,AZNG,TUS1->RIMG,TransfersOutsideServices,2026-10-05 02:00:00,,2026-10-06 11:38:00,,,AZNG-V570391,False,2026-10-05 02:00:00,,FIFTY_THREE_FOOT_TRUCK,,0
115RFVHLW,AZNG,AZNG,CVG2->RPNC,TransfersOutsideServices,2026-10-05 00:30:00,,2026-10-05 11:00:00,,,AZNG-OV230287,False,2026-10-05 00:30:00,,FIFTY_THREE_FOOT_TRUCK,,0
115VPHND8,AJZYZ,AJZYZ,CVG2->RPNC,TransfersOutsideServices,2026-10-04 23:00:00,,2026-10-05 07:53:00,,,,False,2026-10-04 23:00:00,,FIFTY_THREE_FOOT_TRUCK,,0
116VXDKQ1,AZNG,AZNG,EWR7->LEX1->LEX2->RTPX,TransfersOutsideServices,2026-10-03 02:00:00,,2026-10-05 13:30:00,,,,False,2026-10-03 02:00:00,,FIFTY_THREE_FOOT_TRUCK,,0
113KHQL2X,HUBG,HGIU,SDF6->RTPX,TransfersOutsideServices,2026-10-02 21:15:00,,2026-10-06 21:15:00,,,,False,2026-10-02 21:15:00,,FIFTY_THREE_FOOT_CONTAINER,,0
116SQG2KP,HUBG,HGIU,SDF6->RTPX,TransfersOutsideServices,2026-10-02 21:15:00,,2026-10-05 09:00:00,,,HGIU-645584,False,2026-10-02 21:15:00,,FIFTY_THREE_FOOT_CONTAINER,,0
112MXMSTK,AZNG,AZNG,TUS1->RIMG,TransfersOutsideServices,2026-10-02 19:30:00,,2026-10-04 15:38:00,,,AZNG-HV2203862,False,2026-10-02 19:30:00,,FIFTY_THREE_FOOT_TRUCK,,0
116FQN9HX,AZNG,AZNG,RGLD->MQY1,TransfersOutsideServices,2026-10-02 18:03:00,,2026-10-02 19:04:00,,,,False,2026-10-02 18:03:00,,FIFTY_THREE_FOOT_TRUCK,,0
111FMNY1V,AZNG,AZNG,RGLD->MQY1,TransfersOutsideServices,2026-10-02 15:00:00,,2026-10-02 16:26:00,,,,True,2026-10-02 15:00:00,,FIFTY_THREE_FOOT_TRUCK,,0
112QT9Z8H,AZNG,AZNG,RIMG->FTW5,TransfersOutsideServices,2026-10-02 14:00:00,,2026-10-02 16:02:00,,,,False,2026-10-02 14:00:00,,FIFTY_THREE_FOOT_TRUCK,,0
113Q8G8WJ,AQIWK,AZNG,RTPX->HSV1,TransfersOutsideServices,2026-10-02 13:00:00,,2026-10-03 13:17:00,,,,False,2026-10-02 13:00:00,,FIFTY_THREE_FOOT_TRUCK,,0
1113PYR4W,AFBWB,AZNG,RIVA->YVR3,TransfersOutsideServices,2026-10-02 12:17:00,,2026-10-02 13:34:00,,,,False,2026-10-02 12:17:00,,FIFTY_THREE_FOOT_TRUCK,,0
1169T79F1,AZUHG,AZNG,RTPX->HSV1,TransfersOutsideServices,2026-10-02 12:00:00,,2026-10-03 12:17:00,,,,False,2026-10-02 12:00:00,,FIFTY_THREE_FOOT_TRUCK,,0
112W21BDC,AZNG,AZNG,RIMG->FTW6,TransfersOutsideServices,2026-10-02 11:00:00,,2026-10-02 12:00:00,,,,False,2026-10-02 11:00:00,,FIFTY_THREE_FOOT_TRUCK,,0
115VNZRTK,AZNG,AZNG,RIMG->FTW5,TransfersOutsideServices,2026-10-02 11:00:00,,2026-10-02 13:02:00,,,,False,2026-10-02 11:00:00,,FIFTY_THREE_FOOT_TRUCK,,0
116P2LVMN,AFBWB,AZNG,YVR3->RIVA,TransfersOutsideServices,2026-10-02 11:00:00,,2026-10-02 12:15:00,,,,False,2026-10-02 11:00:00,,FIFTY_THREE_FOOT_TRUCK,,0
1143F4V21,ALHWH,AZNG,YYZ1->RITO,TransfersOutsideServices,2026-10-02 10:00:00,,2026-10-02 10:49:00,,,,False,2026-10-02 10:00:00,,FIFTY_THREE_FOOT_TRUCK,,0
113PNYM9S,AZNG,AZNG,RPNV->LAS7,TransfersOutsideServices,2026-10-02 10:00:00,,2026-10-02 10:55:00,,,,False,2026-10-02 10:00:00,,FIFTY_THREE_FOOT_TRUCK,,0
1115LR232,AZNG,AZNG,RTPX->DAL3,TransfersOutsideServices,2026-10-02 10:00:00,,2026-10-02 11:07:00,,,,False,2026-10-02 10:00:00,,FIFTY_THREE_FOOT_TRUCK,,0
111Z77H7G,AZNG,AZNG,CVG2->LNRM,TransfersOutsideServices,2026-10-02 10:00:00,,2026-10-02 10:53:00,,,AZNG-GV2700713,False,2026-10-02 10:00:00,,FIFTY_THREE_FOOT_TRUCK,,0
114C6DLKB,AZNG,AZNG,RARC->MGE3,TransfersOutsideServices,2026-10-02 10:00:00,,2026-10-02 12:47:00,,,,False,2026-10-02 10:00:00,,FIFTY_THREE_FOOT_TRUCK,,0
116NXNPD2,AXAAR,AZNG,RARC->AGS1,TransfersOutsideServices,2026-10-02 10:00:00,,2026-10-02 11:18:00,,,,False,2026-10-02 10:00:00,,TWENTY_SIX_FOOT_BOX_TRUCK,,0
114XFGNG5,AZNG,AZNG,RPNC->CLT4,TransfersOutsideServices,2026-10-02 10:00:00,,2026-10-02 12:58:00,,,,False,2026-10-02 10:00:00,,FIFTY_THREE_FOOT_TRUCK,,0
11568X5SV,ALNAV,,RIVA->YYC1,TransfersOutsideServices,2026-10-02 09:00:00,,2026-10-03 03:00:00,,,,False,2026-10-02 09:00:00,,FIFTY_THREE_FOOT_TRUCK,,0
111PT64ZB,AZNG,AZNG,RTPX->DAL3,TransfersOutsideServices,2026-10-02 09:00:00,,2026-10-02 10:07:00,,,,False,2026-10-02 09:00:00,,FIFTY_THREE_FOOT_TRUCK,,0
1145VMG2X,AZNG,AZNG,RPNC->GSO1,TransfersOutsideServices,2026-10-02 09:00:00,,2026-10-02 13:00:00,,,,False,2026-10-02 09:00:00,,FIFTY_THREE_FOOT_TRUCK,,0
116CJ85S6,AUFTH,AZNG,RITO->YYZ1,TransfersOutsideServices,2026-10-02 09:00:00,,2026-10-02 09:51:00,,,,False,2026-10-02 09:00:00,,FIFTY_THREE_FOOT_TRUCK,,0
115MZC44X,AHNPR,AZNG,RIVA->YVR3,TransfersOutsideServices,2026-10-02 09:00:00,,2026-10-02 10:17:00,,,,True,2026-10-02 09:00:00,,FIFTY_THREE_FOOT_TRUCK,,0
112NNXQ2F,AUFTH,AZNG,RITO->YYZ9,TransfersOutsideServices,2026-10-02 08:30:00,,2026-10-02 09:56:00,,,,False,2026-10-02 08:30:00,,FIFTY_THREE_FOOT_TRUCK,,0
113B72QGH,AINGJ,_____,YYZ9->RITO,TransfersOutsideServices,2026-10-02 08:00:00,,2026-10-02 09:33:00,,,,False,2026-10-02 08:00:00,,FIFTY_THREE_FOOT_TRUCK,,0
111TQMNXB,AZNG,AZNG,RPNV->LAS6,TransfersOutsideServices,2026-10-02 08:00:00,,2026-10-02 08:39:00,,,,False,2026-10-02 08:00:00,,FIFTY_THREE_FOOT_TRUCK,,0
1139BP6HH,AZNG,AZNG,RPNC->GSO1,TransfersOutsideServices,2026-10-02 08:00:00,,2026-10-02 12:00:00,,,,False,2026-10-02 08:00:00,,FIFTY_THREE_FOOT_TRUCK,,0
1162H6HHC,AZNG,AZNG,RPNV->LAS6,TransfersOutsideServices,2026-10-02 08:00:00,,2026-10-02 08:39:00,,,,False,2026-10-02 08:00:00,,FIFTY_THREE_FOOT_TRUCK,,0
111QHNSNS,AZNG,AZNG,RPNC->GSO1,TransfersOutsideServices,2026-10-02 07:00:00,,2026-10-02 11:00:00,,,,False,2026-10-02 07:00:00,,FIFTY_THREE_FOOT_TRUCK,,0
112R9J9LY,AZNG,AZNG,TUS1->RPNV,TransfersOutsideServices,2026-10-02 04:30:00,,2026-10-02 11:16:00,,,AZNG-HV2500010,False,2026-10-02 04:30:00,,FIFTY_THREE_FOOT_TRUCK,,0
111B68ZB1,AZNG,AZNG,SDF6->RPNC,TransfersOutsideServices,2026-10-02 04:00:00,,2026-10-02 11:42:00,,,AZNG-HV2701476,False,2026-10-02 04:00:00,,FIFTY_THREE_FOOT_TRUCK,,0
113QFSXBG,AZNG,AZNG,SDF6->RPNC,TransfersOutsideServices,2026-10-02 04:00:00,,2026-10-02 11:41:00,,,AZNG-U99946,False,2026-10-02 04:00:00,,FIFTY_THREE_FOOT_TRUCK,,0
111H686SJ,AZNG,AJZYZ,CVG2->RPNC,TransfersOutsideServices,2026-10-01 23:00:00,,2026-10-02 07:53:00,,,AZNG-HV2500054,False,2026-10-01 23:00:00,,FIFTY_THREE_FOOT_TRUCK,,0
111115KFX,AZNG,AZNG,RTPX->RGLD,TransfersOutsideServices,2026-10-01 17:30:00,,2026-10-02 18:01:00,,,,False,2026-10-01 17:30:00,,FIFTY_THREE_FOOT_TRUCK,,0
112SCH3JR,AZNG,AZNG,RIMG->FTW5,TransfersOutsideServices,2026-10-01 14:00:00,,2026-10-01 16:02:00,,,,False,2026-10-01 14:00:00,,FIFTY_THREE_FOOT_TRUCK,,0
113D6YDR7,AQOSO,AZNG,RTPX->HSV1,TransfersOutsideServices,2026-10-01 13:00:00,2026-09-30 18:24:42,2026-10-02 13:17:00,,,,False,2026-10-01 13:00:00,-16.6,FIFTY_THREE_FOOT_TRUCK,,0
115MV1YJG,AXPSA,AZNG,RTPX->HSV1,TransfersOutsideServices,2026-10-01 12:00:00,,2026-10-02 12:17:00,,,,False,2026-10-01 12:00:00,,FIFTY_THREE_FOOT_TRUCK,,0
116Q5N55G,DODV,AZNG,RIMG->FTW6,TransfersOutsideServices,2026-10-01 11:00:00,,2026-10-01 12:00:00,,,,False,2026-10-01 11:00:00,,FIFTY_THREE_FOOT_TRUCK,,0
111WWPL5X,AZNG,AZNG,RIMG->FTW5,TransfersOutsideServices,2026-10-01 11:00:00,,2026-10-01 12:51:00,,,,False,2026-10-01 11:00:00,,FIFTY_THREE_FOOT_TRUCK,,0
1124MRBGZ,AEDCJ,AZNG,RPNC->GSO1,TransfersOutsideServices,2026-10-01 10:00:00,,2026-10-01 14:00:00,,,,False,2026-10-01 10:00:00,,FIFTY_THREE_FOOT_TRUCK,,0
115SZM8TB,NCSL,AZNG,CVG2->RPNC,TransfersOutsideServices,2026-10-01 10:00:00,,2026-10-01 20:00:00,,,,False,2026-10-01 10:00:00,,FIFTY_THREE_FOOT_TRUCK,,0
112V8G5XZ,AAMZO,AZNG,IND8->RRPR,TransfersOutsideServices,2026-10-01 10:00:00,,2026-10-01 13:02:00,,,AZNG-HV2500697,False,2026-10-01 10:00:00,,FIFTY_THREE_FOOT_TRUCK,,0
1133LNGR8,ALYUG,AZNG,CVG2->LNRM,TransfersOutsideServices,2026-10-01 10:00:00,,2026-10-01 10:53:00,,,AZNG-V524460,False,2026-10-01 10:00:00,,FIFTY_THREE_FOOT_TRUCK,,0
114FKJ2QQ,AZNG,AZNG,RTPX->DAL3,TransfersOutsideServices,2026-10-01 10:00:00,,2026-10-01 11:07:00,,,,False,2026-10-01 10:00:00,,FIFTY_THREE_FOOT_TRUCK,,0
114CP5BDP,ARFPN,AZNG,RPNC->GSO1,TransfersOutsideServices,2026-10-01 09:00:00,,2026-10-01 13:00:00,,,,False,2026-10-01 09:00:00,,FIFTY_THREE_FOOT_TRUCK,,0
114MCXW5P,ABZKR,AZNG,RTPX->DAL3,TransfersOutsideServices,2026-10-01 09:00:00,,2026-10-01 10:07:00,,,,False,2026-10-01 09:00:00,,FIFTY_THREE_FOOT_TRUCK,,0
115Y1C6V4,AINGJ,AZNG,RITO->YYZ9,TransfersOutsideServices,2026-10-01 08:30:00,,2026-10-01 09:56:00,,,,False,2026-10-01 08:30:00,,FIFTY_THREE_FOOT_TRUCK,,0
1166B26BY,JYRG,AZNG,RPNV->LAS6,TransfersOutsideServices,2026-10-01 08:00:00,,2026-10-01 08:39:00,,,,False,2026-10-01 08:00:00,,FIFTY_THREE_FOOT_TRUCK,,0
115NJG4VD,AYACB,AZNG,RPNV->LAS6,TransfersOutsideServices,2026-10-01 08:00:00,,2026-10-01 08:39:00,,,,False,2026-10-01 08:00:00,,FIFTY_THREE_FOOT_TRUCK,,0
112ZVLYVF,ABXCA,AZNG,RPNC->GSO1,TransfersOutsideServices,2026-10-01 08:00:00,,2026-10-01 22:30:00,,,,False,2026-10-01 08:00:00,,FIFTY_THREE_FOOT_TRUCK,,0
115Q1WBLK,AIEVD,AZNG,RIMG->FTW5,TransfersOutsideServices,2026-10-01 07:30:00,,2026-10-01 09:24:00,,,,False,2026-10-01 07:30:00,,FIFTY_THREE_FOOT_TRUCK,,0
116S2DHSM,AIZOY,AZNG,RPNC->GSO1,TransfersOutsideServices,2026-10-01 07:00:00,,2026-10-01 11:00:00,,,,False,2026-10-01 07:00:00,,FIFTY_THREE_FOOT_TRUCK,,0
116L8RGWG,AZNG,AZNG,CVG2->RPNC,TransfersOutsideServices,2026-10-01 06:40:00,,2026-10-01 17:00:00,,,AZNG-SV2604607,False,2026-10-01 06:40:00,,FIFTY_THREE_FOOT_TRUCK,,0
115GN3HNY,AMVSU,AZNG,CLT6->RPNC,TransfersOutsideServices,2026-10-01 06:00:00,,2026-10-01 11:15:00,,,AZNG-HV2505266,False,2026-10-01 06:00:00,,FIFTY_THREE_FOOT_TRUCK,,0
115XM7NDK,APAMV,AZNG,SDF6->RPNC,TransfersOutsideServices,2026-10-01 04:00:00,2026-09-30 13:12:15,2026-10-01 11:42:00,,,AZNG-SV2600041,False,2026-10-01 04:00:00,-14.3,FIFTY_THREE_FOOT_TRUCK,,23
11625GJZ5,AVTVX,AZNG,SDF6->RPNC,TransfersOutsideServices,2026-10-01 04:00:00,2026-10-01 01:59:12,2026-10-01 11:41:00,,,AZNG-HV2304760,False,2026-10-01 04:00:00,-1.77,FIFTY_THREE_FOOT_TRUCK,,24
111WDNX61,ACXAR,AZNG,LUK7->RPNC,TransfersOutsideServices,2026-10-01 03:00:00,,2026-10-01 12:00:00,,,,True,2026-10-01 03:00:00,,FIFTY_THREE_FOOT_TRUCK,,0
115KWW42N,AZNG,AZNG,TUS1->RTPX,TransfersOutsideServices,2026-10-01 02:59:00,,2026-10-02 10:25:00,,,AZNG-V505755,False,2026-10-01 02:59:00,,FIFTY_THREE_FOOT_TRUCK,,0
115Z1GJ3T,AGEPZ,AZNG,CVG2->RRPR,TransfersOutsideServices,2026-10-01 00:30:00,2026-09-30 23:52:35,2026-10-01 01:12:00,,,AZNG-HV2507165,False,2026-10-01 00:30:00,-0.13,FIFTY_THREE_FOOT_TRUCK,,642
111JMVTRZ,RCVY,AZNG,CVG2->RPNC,TransfersOutsideServices,2026-09-30 23:00:00,2026-09-30 23:40:02,2026-10-01 07:53:00,,,AZNG-SV2202295,False,2026-09-30 23:00:00,0.92,FIFTY_THREE_FOOT_TRUCK,,0
113K1BM2R,NCSL,AZNG,SDF9->LNRM,TransfersOutsideServices,2026-09-30 21:45:00,,2026-10-01 01:45:00,,,AZNG-WV2502234,False,2026-09-30 21:45:00,,FIFTY_THREE_FOOT_TRUCK,,0
112T94WWP,HUBG,HGIU,SDF6->RTPX,TransfersOutsideServices,2026-09-30 21:15:00,,2026-10-04 21:15:00,,,HGIU-645584,True,2026-09-30 21:15:00,,FIFTY_THREE_FOOT_CONTAINER,,0
113WML29T,NCSL,AZNG,CVG2->RRPR,TransfersOutsideServices,2026-09-30 19:30:00,,2026-09-30 21:30:00,,,AZNG-V572027,False,2026-09-30 19:30:00,,FIFTY_THREE_FOOT_TRUCK,,0
115SGW7FS,AFOZI,AZNG,RPNC->GSO1,TransfersOutsideServices,2026-09-30 18:29:00,2026-09-30 17:12:46,2026-09-30 22:29:00,,,,True,2026-09-30 18:29:00,-0.78,FIFTY_THREE_FOOT_TRUCK,,0
113B26NY4,ANLSH,AZNG,RIMG->FTW5,TransfersOutsideServices,2026-09-30 14:00:00,2026-09-30 11:25:16,2026-09-30 16:01:00,2026-09-30 16:35:11,,AZNG-V509222,False,2026-09-30 14:00:00,-0.58,FIFTY_THREE_FOOT_TRUCK,,0
112DK9SZP,ASDQB,AZNG,RTPX->HSV1,TransfersOutsideServices,2026-09-30 13:00:00,2026-09-29 21:58:26,2026-10-01 13:17:00,,,AZNG-V505255,False,2026-09-30 13:00:00,-13.03,FIFTY_THREE_FOOT_TRUCK,,0
113L6MZNJ,NCSL,AZNG,LEX1->LNRM,TransfersOutsideServices,2026-09-30 13:00:00,,2026-09-30 16:00:00,,,AZNG-HV2201898,False,2026-09-30 13:00:00,,FIFTY_THREE_FOOT_TRUCK,,0
111BJ3F4L,APOIN,AZNG,LAS2->PHX6->TUS1->RTPX,TransfersOutsideServices,2026-09-30 13:00:00,2026-09-30 12:11:22,2026-10-02 15:00:00,,,AZNG-V568560,False,2026-09-30 13:00:00,-0.32,FIFTY_THREE_FOOT_TRUCK,,1195
116MXH7XW,AVRKP,AZNG,TEN1->RPNC,TransfersOutsideServices,2026-09-30 12:50:46,2026-09-29 11:53:00,2026-10-01 10:20:46,,,AZNG-WV2502219,True,2026-09-30 12:50:46,-0.45,FIFTY_THREE_FOOT_TRUCK,,0
113QJDWZD,AVRKP,AZNG,TEN1->RPNC,TransfersOutsideServices,2026-09-30 12:50:03,2026-09-29 11:59:04,2026-10-01 10:20:03,,,AZNG-V569052,False,2026-09-30 12:50:03,-0.35,FIFTY_THREE_FOOT_TRUCK,,1050
115RKWL8K,ACZAJ,AZNG,RTPX->HSV1,TransfersOutsideServices,2026-09-30 12:00:00,2026-09-30 06:57:01,2026-10-01 12:17:00,,,,True,2026-09-30 12:00:00,-3.05,FIFTY_THREE_FOOT_TRUCK,,0
111C9MHL3,EGFM,EGFM,YYZ9->RITO,TransfersOutsideServices,2026-09-30 11:00:00,2026-09-30 09:31:19,2026-09-30 12:23:00,,,EGFM-53732,False,2026-09-30 11:00:00,-1.23,FIFTY_THREE_FOOT_TRUCK,,24
114CBL1Z9,AVRML,AZNG,RIMG->FTW5,TransfersOutsideServices,2026-09-30 11:00:00,2026-09-30 09:14:46,2026-09-30 12:51:00,,,,True,2026-09-30 11:00:00,-1.27,FIFTY_THREE_FOOT_TRUCK,,0
115NP1ZH2,ATOAP,AZNG,RRPR->CMH4,TransfersOutsideServices,2026-09-30 10:30:00,2026-09-30 06:37:52,2026-09-30 13:23:00,2026-09-30 10:36:21,,AZNG-V568228,False,2026-09-30 10:30:00,-3.38,FIFTY_THREE_FOOT_TRUCK,,0
111S5ZJNH,AVQFE,AZNG,RRPR->CMH3,TransfersOutsideServices,2026-09-30 10:30:00,2026-09-30 08:14:34,2026-09-30 12:23:00,2026-09-30 10:39:46,,AZNG-GV2501915,False,2026-09-30 10:30:00,-1.77,FIFTY_THREE_FOOT_TRUCK,,0
111P6HP2C,BPLS,AZNG,RRPR->CMH3,TransfersOutsideServices,2026-09-30 10:30:00,2026-09-30 08:03:54,2026-09-30 12:23:00,2026-09-30 10:09:42,,AZNG-V503587,False,2026-09-30 10:30:00,-1.95,FIFTY_THREE_FOOT_TRUCK,,0
112JBXJKS,AORVH,AZNG,CVG2->LNRM,TransfersOutsideServices,2026-09-30 10:00:00,2026-09-30 09:02:34,2026-09-30 10:55:00,,,AZNG-HV2200562,False,2026-09-30 10:00:00,-0.47,FIFTY_THREE_FOOT_TRUCK,,996
1114L8SJ5,AZNG,AZNG,TEN1->RPNC,TransfersOutsideServices,2026-09-30 10:00:00,,2026-10-01 11:00:00,,,AZNG-WV2502219,True,2026-09-30 10:00:00,,FIFTY_THREE_FOOT_TRUCK,,0
115ZS4NK1,ANNVI,AZNG,RPNC->CLT6,TransfersOutsideServices,2026-09-30 10:00:00,2026-09-30 06:43:23,2026-09-30 14:30:00,2026-09-30 12:48:16,,AZNG-V502857,False,2026-09-30 10:00:00,-2.28,FIFTY_THREE_FOOT_TRUCK,,0
1113YKP17,ASSOR,AZNG,RPNC->GSO1,TransfersOutsideServices,2026-09-30 10:00:00,2026-09-30 05:04:40,2026-09-30 14:00:00,,,,True,2026-09-30 10:00:00,-2.93,FIFTY_THREE_FOOT_TRUCK,,0
1141RTG96,AQARI,AZNG,RTPX->DAL3,TransfersOutsideServices,2026-09-30 10:00:00,2026-09-30 09:05:41,2026-09-30 11:07:00,,,,True,2026-09-30 10:00:00,-0.42,FIFTY_THREE_FOOT_TRUCK,,0
1144S9Y4K,AXEYM,AZNG,CVG2->RPNC,TransfersOutsideServices,2026-09-30 10:00:00,2026-09-30 08:21:04,2026-09-30 20:20:00,,,AZNG-V568176,False,2026-09-30 10:00:00,-1.4,FIFTY_THREE_FOOT_TRUCK,,751
114XDP918,AUFTH,AZNG,YYZ1->RITO,TransfersOutsideServices,2026-09-30 10:00:00,2026-09-30 06:47:54,2026-09-30 10:49:00,,,AZNG-DV2300376,False,2026-09-30 10:00:00,-2.97,FIFTY_THREE_FOOT_TRUCK,,107
112K94PKD,AXKBH,AZNG,RRPR->CMH3,TransfersOutsideServices,2026-09-30 10:00:00,2026-09-30 09:01:38,2026-09-30 12:30:00,,,,True,2026-09-30 10:00:00,0.02,FIFTY_THREE_FOOT_TRUCK,,0
1132V1VSH,TJER,AZNG,RARC->MGE3,TransfersOutsideServices,2026-09-30 10:00:00,2026-09-30 08:31:15,2026-09-30 12:32:00,2026-09-30 12:56:51,,AZNG-DV2600388,False,2026-09-30 10:00:00,-0.98,FIFTY_THREE_FOOT_TRUCK,,0
114311H83,AXAAR,AZNG,RARC->AGS1,TransfersOutsideServices,2026-09-30 10:00:00,2026-09-30 08:30:59,2026-09-30 11:18:00,2026-09-30 10:45:25,2026-09-30 11:34:32,,False,2026-09-30 10:00:00,-1.0,TWENTY_SIX_FOOT_BOX_TRUCK,,0
1118XZZBM,AFOZI,AZNG,RPNC->GSO1,TransfersOutsideServices,2026-09-30 10:00:00,2026-09-30 07:53:42,2026-09-30 14:00:00,,,,True,2026-09-30 10:00:00,-0.12,FIFTY_THREE_FOOT_TRUCK,,0
114RDFMFK,AZUDE,AZNG,RTPX->DAL3,TransfersOutsideServices,2026-09-30 10:00:00,2026-09-30 08:08:34,2026-09-30 11:07:00,2026-09-30 09:53:35,,AZNG-PTLZ262405,False,2026-09-30 10:00:00,-1.37,FIFTY_THREE_FOOT_TRUCK,,0
116RWC65Z,TOMY,AZNG,LEX2->LNRM,TransfersOutsideServices,2026-09-30 10:00:00,2026-09-30 08:51:52,2026-09-30 12:08:00,,,AZNG-V508959,False,2026-09-30 10:00:00,-0.65,FIFTY_THREE_FOOT_TRUCK,,90
114GNZCNG,AWBHV,AZNG,RPNC->GSO1,TransfersOutsideServices,2026-09-30 10:00:00,2026-09-30 07:24:27,2026-09-30 14:00:00,,,,True,2026-09-30 10:00:00,-0.6,FIFTY_THREE_FOOT_TRUCK,,0
112CTS6XV,AWOZM,AZNG,RPNC->GSO1,TransfersOutsideServices,2026-09-30 10:00:00,2026-09-30 06:52:14,2026-09-30 14:00:00,2026-09-30 12:09:47,2026-09-30 20:29:13,AZNG-HV2201591,False,2026-09-30 10:00:00,-1.13,FIFTY_THREE_FOOT_TRUCK,,0
115JD6BW2,AOWUH,AZNG,RPNC->CLT4,TransfersOutsideServices,2026-09-30 09:01:00,2026-09-30 09:03:38,2026-09-30 11:59:00,,,,True,2026-09-30 09:01:00,0.53,FIFTY_THREE_FOOT_TRUCK,,0
11147KR3W,ACAOZ,AZNG,RTPX->TUS1,TransfersOutsideServices,2026-09-30 09:00:00,2026-09-30 10:05:20,2026-10-01 16:00:00,,,,False,2026-09-30 09:00:00,1.58,FIFTY_THREE_FOOT_TRUCK,,0
113QWBTTR,AQFTH,AZNG,RRPR->CMH2,TransfersOutsideServices,2026-09-30 09:00:00,2026-09-30 06:52:28,2026-09-30 13:00:00,2026-09-30 11:05:05,,AZNG-V572212,False,2026-09-30 09:00:00,-1.13,FIFTY_THREE_FOOT_TRUCK,,0
112N17XNZ,AQOSO,AZNG,RPNC->GSO1,TransfersOutsideServices,2026-09-30 09:00:00,2026-09-30 08:58:37,2026-09-30 13:00:00,,,,True,2026-09-30 09:00:00,0.47,FIFTY_THREE_FOOT_TRUCK,,0
113WFQ2CQ,AZNG,AZNG,RPNC->CLT4,TransfersOutsideServices,2026-09-30 09:00:00,,2026-09-30 12:37:00,,,,True,2026-09-30 09:00:00,,FIFTY_THREE_FOOT_TRUCK,,0
113YNW8YT,AWGLM,AZNG,RPNC->CVG2,TransfersOutsideServices,2026-09-30 09:00:00,2026-09-30 06:52:38,2026-09-30 20:00:00,2026-09-30 17:20:21,,AZNG-P5250210,False,2026-09-30 09:00:00,-0.13,FIFTY_THREE_FOOT_TRUCK,,0
116KQ2F5J,AQQWD,AZNG,RTPX->TUS1,TransfersOutsideServices,2026-09-30 09:00:00,2026-09-30 10:37:24,2026-10-01 16:00:00,,,AZNG-SV2200793,False,2026-09-30 09:00:00,2.12,FIFTY_THREE_FOOT_TRUCK,,0
1126W39TF,ADAWX,AZNG,RPNC->CVG2,TransfersOutsideServices,2026-09-30 09:00:00,2026-09-29 19:51:53,2026-09-30 20:00:00,2026-09-30 18:27:13,,AZNG-GV2202276,False,2026-09-30 09:00:00,-11.15,FIFTY_THREE_FOOT_TRUCK,,0
112YMQGN1,TOMY,AZNG,RARC->MGE3,TransfersOutsideServices,2026-09-30 09:00:00,2026-09-30 08:40:03,2026-09-30 13:00:00,2026-09-30 13:03:08,,AZNG-354762,False,2026-09-30 09:00:00,0.67,FIFTY_THREE_FOOT_TRUCK,,0
116GB7CPP,AINGJ,AZNG,RITO->YYZ1,TransfersOutsideServices,2026-09-30 09:00:00,,2026-09-30 09:51:00,,,,True,2026-09-30 09:00:00,,FIFTY_THREE_FOOT_TRUCK,,0
114RL935W,AVQFI,AZNG,RITO->YYZ9,TransfersOutsideServices,2026-09-30 08:30:00,2026-09-30 07:22:43,2026-09-30 09:56:00,2026-09-30 10:16:39,,AZNG-DV2400403,False,2026-09-30 08:30:00,-0.63,FIFTY_THREE_FOOT_TRUCK,,0
112CM7H5J,AUZRJ,AZNG,RPNV->LAS6,TransfersOutsideServices,2026-09-30 08:00:00,2026-09-30 05:16:37,2026-09-30 08:39:00,2026-09-30 07:01:16,,AZNG-HV2601829,False,2026-09-30 08:00:00,-2.23,FIFTY_THREE_FOOT_TRUCK,,0
1167PNF7D,AXIVI,AZNG,RPNC->GSO1,TransfersOutsideServices,2026-09-30 08:00:00,2026-09-30 05:40:16,2026-09-30 12:00:00,2026-09-30 10:55:48,2026-09-30 19:24:09,AZNG-HV2201089,False,2026-09-30 08:00:00,-1.83,FIFTY_THREE_FOOT_TRUCK,,0
1114VSYTS,AESEY,AZNG,RPNV->LAS6,TransfersOutsideServices,2026-09-30 08:00:00,2026-09-30 05:58:24,2026-09-30 08:39:00,2026-09-30 07:30:36,,AZNG-GV2600819,False,2026-09-30 08:00:00,-1.53,FIFTY_THREE_FOOT_TRUCK,,0
115TK2FY3,AXIVI,AZNG,RPNC->GSO1,TransfersOutsideServices,2026-09-30 07:30:00,2026-09-30 05:40:21,2026-09-30 11:30:00,2026-09-30 11:01:53,2026-09-30 16:16:25,AXIVI-V567163,False,2026-09-30 07:30:00,-1.33,FIFTY_THREE_FOOT_TRUCK,,0
113VQNQ5R,ABQXC,AZNG,RPNC->GSO1,TransfersOutsideServices,2026-09-30 07:30:00,2026-09-30 07:53:24,2026-09-30 11:30:00,2026-09-30 15:21:59,2026-09-30 19:21:02,AZNG-HV2303202,False,2026-09-30 07:30:00,0.88,FIFTY_THREE_FOOT_TRUCK,,0
11327S1MY,ABPJO,AZNG,RPNC->GSO1,TransfersOutsideServices,2026-09-30 07:00:00,2026-09-30 05:26:55,2026-09-30 11:00:00,2026-09-30 12:58:10,2026-09-30 18:27:49,AZNG-V501696,False,2026-09-30 07:00:00,-1.07,FIFTY_THREE_FOOT_TRUCK,,0
11188T62C,ANCAK,AZNG,VGT5->RPNV,TransfersOutsideServices,2026-09-30 04:45:00,2026-09-30 03:41:20,2026-09-30 06:00:00,,,AZNG-HV2201448,False,2026-09-30 04:45:00,-0.82,FIFTY_THREE_FOOT_TRUCK,,0
113W67W3Q,ALPBT,AZNG,SDF6->RPNC,TransfersOutsideServices,2026-09-30 04:00:00,2026-09-30 02:49:33,2026-09-30 11:42:00,,,AZNG-GV2202288,False,2026-09-30 04:00:00,-0.68,FIFTY_THREE_FOOT_TRUCK,,23
115W4K5XH,AGCKX,AZNG,SDF6->RPNC,TransfersOutsideServices,2026-09-30 04:00:00,2026-09-30 02:31:13,2026-09-30 11:42:00,,,AZNG-SV2702130,False,2026-09-30 04:00:00,-0.98,FIFTY_THREE_FOOT_TRUCK,,24
116V15VGT,AKDQA,AZNG,IAH1->RTPX,TransfersOutsideServices,2026-09-30 03:45:00,2026-09-30 01:45:56,2026-09-30 05:34:00,,,AZNG-V501564,False,2026-09-30 03:45:00,-1.5,FIFTY_THREE_FOOT_TRUCK,,520
1142NCY5P,NCSL,AZNG,TUS1->RTPX,TransfersOutsideServices,2026-09-30 02:00:00,,2026-10-01 22:00:00,,,AZNG-V530208,False,2026-09-30 02:00:00,,FIFTY_THREE_FOOT_TRUCK,,0
113842B6W,AERQQ,AZNG,CVG2->RPNC,TransfersOutsideServices,2026-09-29 23:00:00,2026-09-29 22:33:46,2026-09-30 07:53:00,,,AZNG-HV2605017,False,2026-09-29 23:00:00,-0.2,FIFTY_THREE_FOOT_TRUCK,,635
116H4KFK3,AEPUX,AZNG,CVG2->RPNC,TransfersOutsideServices,2026-09-29 23:00:00,2026-09-29 20:54:19,2026-09-30 07:53:00,,,AZNG-HV2304370,False,2026-09-29 23:00:00,-1.85,FIFTY_THREE_FOOT_TRUCK,,728
1159WX9CB,AMQRF,AZNG,CVG2->RPNC,TransfersOutsideServices,2026-09-29 21:45:00,2026-09-29 19:31:11,2026-09-30 08:05:00,,,AZNG-V524179,False,2026-09-29 21:45:00,-1.98,FIFTY_THREE_FOOT_TRUCK,,724
115CC8ZHS,ARWPM,AZNG,LEX2->RPNC,TransfersOutsideServices,2026-09-29 19:45:00,2026-09-29 18:42:37,2026-09-30 13:31:00,,,AZNG-W89706,False,2026-09-29 19:45:00,-0.55,FIFTY_THREE_FOOT_TRUCK,,225
115L4282Z,AJWBB,AZNG,LEX1->LNRM,TransfersOutsideServices,2026-09-29 19:20:00,2026-09-29 18:12:33,2026-09-29 21:56:00,,,AZNG-WV2502610,False,2026-09-29 19:20:00,-0.88,FIFTY_THREE_FOOT_TRUCK,,588
115Y4YSWV,AICUV,AZNG,RPNC->GSO1,TransfersOutsideServices,2026-09-29 18:13:00,2026-09-29 16:05:54,2026-09-29 22:13:00,,,,True,2026-09-29 18:13:00,-0.13,FIFTY_THREE_FOOT_TRUCK,,0
113758TY8,NCSL,AZNG,HOU3->RARC,TransfersOutsideServices,2026-09-29 14:30:00,,2026-10-01 10:30:00,,,AZNG-H16724,False,2026-09-29 14:30:00,,FIFTY_THREE_FOOT_TRUCK,,0
114PFBRMB,AFTSE,AZNG,RIMG->FTW5,TransfersOutsideServices,2026-09-29 14:00:00,2026-09-29 12:35:56,2026-09-29 16:01:00,,,,True,2026-09-29 14:00:00,-0.92,FIFTY_THREE_FOOT_TRUCK,,0
111MG6LZM,AXFBK,AZNG,RPNC->GSO1,TransfersOutsideServices,2026-09-29 13:00:00,,2026-09-29 17:00:00,,,,False,2026-09-29 13:00:00,,FIFTY_THREE_FOOT_TRUCK,,0
11534MX65,AQOSO,AZNG,RPNC->GSO1,TransfersOutsideServices,2026-09-29 13:00:00,2026-09-29 13:25:13,2026-09-29 17:00:00,2026-09-29 17:15:18,2026-09-30 03:10:16,AZNG-V560828,False,2026-09-29 13:00:00,2.42,FIFTY_THREE_FOOT_TRUCK,,0
112F54NN9,ALFMZ,AZNG,RTPX->HSV1,TransfersOutsideServices,2026-09-29 13:00:00,2026-09-29 09:46:31,2026-09-30 13:17:00,,,,True,2026-09-29 13:00:00,-1.23,FIFTY_THREE_FOOT_TRUCK,,0
112LG5T8Z,AWBHV,AZNG,RPNC->GSO1,TransfersOutsideServices,2026-09-29 13:00:00,2026-09-29 10:54:55,2026-09-29 17:00:00,2026-09-29 15:37:58,2026-09-30 03:03:35,AZNG-V240832,False,2026-09-29 13:00:00,-0.1,FIFTY_THREE_FOOT_TRUCK,,0
1158RNX6T,AEPUX,AZNG,RPNC->GSO1,TransfersOutsideServices,2026-09-29 13:00:00,2026-09-29 10:32:27,2026-09-29 17:00:00,2026-09-29 14:17:05,2026-09-29 21:30:43,AZNG-GV2200761,False,2026-09-29 13:00:00,-0.47,FIFTY_THREE_FOOT_TRUCK,,0
115DX2ZGR,ASVBQ,AZNG,RPNC->GSO1,TransfersOutsideServices,2026-09-29 13:00:00,,2026-09-29 17:00:00,,,,True,2026-09-29 13:00:00,,FIFTY_THREE_FOOT_TRUCK,,0
1142TK9CN,AATMU,AZNG,RTPX->DAL3,TransfersOutsideServices,2026-09-29 12:51:00,2026-09-29 10:51:55,2026-09-29 13:58:00,2026-09-29 13:09:43,,AZNG-V568551,False,2026-09-29 12:51:00,-1.5,FIFTY_THREE_FOOT_TRUCK,,0
115VKJH6W,ACXAR,AZNG,RRPR->CMH2,TransfersOutsideServices,2026-09-29 12:00:00,2026-09-29 10:22:06,2026-09-29 16:00:00,2026-09-29 13:57:08,,AZNG-VL786948,False,2026-09-29 12:00:00,-0.63,FIFTY_THREE_FOOT_TRUCK,,0
115N11XTC,AIKGH,AZNG,RTPX->HSV1,TransfersOutsideServices,2026-09-29 12:00:00,2026-09-28 19:43:23,2026-09-30 12:17:00,2026-09-30 00:09:39,,AZNG-SV2604800,False,2026-09-29 12:00:00,-14.28,FIFTY_THREE_FOOT_TRUCK,,0
111G68NC8,ASWFX,AZNG,RPNV->LAS6,TransfersOutsideServices,2026-09-29 12:00:00,2026-09-29 10:16:11,2026-09-29 12:39:00,,,,True,2026-09-29 12:00:00,-1.23,FIFTY_THREE_FOOT_TRUCK,,0
113L732HK,ASDQB,AZNG,EWR7->RPNC,TransfersOutsideServices,2026-09-29 12:00:00,2026-09-29 11:26:31,2026-09-30 15:10:00,,,AZNG-HV2204071,False,2026-09-29 12:00:00,-0.07,FIFTY_THREE_FOOT_TRUCK,,42
116VV34SH,ANJQU,AZNG,TEN1->RPNC,TransfersOutsideServices,2026-09-29 12:00:00,2026-09-29 12:03:39,2026-09-30 13:00:00,,,AZNG-HV2200878,False,2026-09-29 12:00:00,1.05,FIFTY_THREE_FOOT_TRUCK,,1131
116SDGXMM,ASJWH,AZNG,LEX1->RPNC,TransfersOutsideServices,2026-09-29 11:45:00,2026-09-29 10:40:54,2026-09-30 05:35:00,,,AZNG-HV2407696,False,2026-09-29 11:45:00,-0.58,FIFTY_THREE_FOOT_TRUCK,,344
111KV7R1Q,AVWVX,AZNG,RRPR->CMH3,TransfersOutsideServices,2026-09-29 10:30:00,2026-09-29 11:17:40,2026-09-29 12:23:00,2026-09-29 13:13:53,,AZNG-GV2501939,False,2026-09-29 10:30:00,1.28,FIFTY_THREE_FOOT_TRUCK,,0
113MV4RKN,AFBCB,AZNG,TEN1->RPNC,TransfersOutsideServices,2026-09-29 10:30:00,2026-09-29 09:42:55,2026-09-30 09:36:00,,,AZNG-SV2602453,False,2026-09-29 10:30:00,-0.3,FIFTY_THREE_FOOT_TRUCK,,1173
1169NP88H,AAHLN,AZNG,MEM3->CHA1->PGA1->RARC,TransfersOutsideServices,2026-09-29 10:00:00,2026-09-29 09:21:53,2026-09-30 11:00:00,,,AZNG-V567333,False,2026-09-29 10:00:00,-0.15,FIFTY_THREE_FOOT_TRUCK,,655
112ZQR5L1,NCSL,NCSL,TEN1->RPNC,TransfersOutsideServices,2026-09-29 10:00:00,,2026-09-30 11:00:00,,,AZNG-WV2502219,False,2026-09-29 10:00:00,,FIFTY_THREE_FOOT_TRUCK,,0
11221J3NX,AHNEM,AZNG,RPNC->GSO1,TransfersOutsideServices,2026-09-29 10:00:00,2026-09-29 08:43:52,2026-09-29 14:00:00,2026-09-29 12:56:48,2026-09-29 20:39:13,AZNG-GV2502591,False,2026-09-29 10:00:00,-0.78,FIFTY_THREE_FOOT_TRUCK,,0
116SW8LTG,NCSL,NCSL,TEN1->RPNC,TransfersOutsideServices,2026-09-29 10:00:00,,2026-09-30 11:00:00,,,,False,2026-09-29 10:00:00,,FIFTY_THREE_FOOT_TRUCK,,0
112BB6LDN,AZNG,AZNG,LAS2->PHX6->TUS1->RTPX,TransfersOutsideServices,2026-09-29 10:00:00,,2026-10-01 12:00:00,,,AZNG-234059,False,2026-09-29 10:00:00,,FIFTY_THREE_FOOT_TRUCK,,0
113PMXD3Y,AABYB,AZNG,LEX2->LNRM,TransfersOutsideServices,2026-09-29 10:00:00,2026-09-29 07:30:34,2026-09-29 12:08:00,,,AZNG-V501238,False,2026-09-29 10:00:00,-2.0,FIFTY_THREE_FOOT_TRUCK,,211
111SVGTW3,ALTFZ,AZNG,CVG2->LNRM,TransfersOutsideServices,2026-09-29 10:00:00,2026-09-29 09:20:12,2026-09-29 10:55:00,,,AZNG-HV2300609,False,2026-09-29 10:00:00,-0.17,FIFTY_THREE_FOOT_TRUCK,,1412
114TRQRX8,NCSL,NCSL,TEN1->RPNC,TransfersOutsideServices,2026-09-29 10:00:00,,2026-09-30 11:00:00,,,,False,2026-09-29 10:00:00,,FIFTY_THREE_FOOT_TRUCK,,0
113YFWBHS,AMUCZ,AZNG,IND8->RRPR,TransfersOutsideServices,2026-09-29 09:45:00,2026-09-29 07:02:59,2026-09-29 12:47:00,,,,True,2026-09-29 09:45:00,-2.22,FIFTY_THREE_FOOT_TRUCK,,0
116KQM4P7,AMUCJ,AZNG,RPNC->GSO1,TransfersOutsideServices,2026-09-29 09:20:00,2026-09-29 10:10:32,2026-09-29 13:20:00,2026-09-29 14:58:14,2026-09-30 09:32:47,AZNG-HV2200993,False,2026-09-29 09:20:00,1.33,FIFTY_THREE_FOOT_TRUCK,,0
111GZ6GC7,NCSL,AZNG,IAH1->RIMG,TransfersOutsideServices,2026-09-29 09:15:00,,2026-09-29 11:15:00,,,AZNG-HV2303739,False,2026-09-29 09:15:00,,FIFTY_THREE_FOOT_TRUCK,,0
1122NRSKJ,EGFM,EGFM,YYZ9->RITO,TransfersOutsideServices,2026-09-29 09:00:00,2026-09-29 07:57:54,2026-09-29 10:23:00,,,EGFM-53976,False,2026-09-29 09:00:00,-0.8,FIFTY_THREE_FOOT_TRUCK,,24
1135P2G3V,AQTYE,AZNG,RTPX->DAL3,TransfersOutsideServices,2026-09-29 09:00:00,2026-09-29 07:50:24,2026-09-29 10:07:00,,,,True,2026-09-29 09:00:00,-0.67,FIFTY_THREE_FOOT_TRUCK,,0
111DCL2NF,AKVDF,AZNG,RTPX->RGLD,TransfersOutsideServices,2026-09-29 09:00:00,2026-09-29 07:09:04,2026-09-30 09:00:00,,,AZNG-V573031,False,2026-09-29 09:00:00,-1.35,FIFTY_THREE_FOOT_TRUCK,,0
1132T259W,ACFBV,AZNG,RPNC->GSO1,TransfersOutsideServices,2026-09-29 09:00:00,2026-09-29 05:36:02,2026-09-29 13:00:00,2026-09-29 12:29:28,2026-09-29 23:30:26,AZNG-W34307,False,2026-09-29 09:00:00,-2.9,FIFTY_THREE_FOOT_TRUCK,,0
111Z6411W,AVQFI,AZNG,RITO->YYZ9,TransfersOutsideServices,2026-09-29 08:30:00,2026-09-29 08:53:09,2026-09-29 09:56:00,2026-09-29 10:41:11,,AZNG-DV2400131,False,2026-09-29 08:30:00,0.88,FIFTY_THREE_FOOT_TRUCK,,0
113B2TXXQ,ATSVB,,YYZ9->RITO,TransfersOutsideServices,2026-09-29 08:30:00,2026-09-29 07:45:28,2026-09-29 10:30:00,,,AJRDS-5313377,False,2026-09-29 08:30:00,-0.25,FIFTY_THREE_FOOT_TRUCK,,20
111QXKQ4Q,ATSVB,,YYZ9->RITO,TransfersOutsideServices,2026-09-29 08:30:00,,2026-09-29 10:30:00,,,,True,2026-09-29 08:30:00,,FIFTY_THREE_FOOT_TRUCK,,0
112KW5JTD,AWZQS,AZNG,RTPX->RGLD,TransfersOutsideServices,2026-09-29 08:00:00,2026-09-25 19:28:11,2026-09-30 07:00:00,,,,True,2026-09-29 08:00:00,-10.53,FIFTY_THREE_FOOT_TRUCK,,0
111F7KHBT,AFTSL,AZNG,RPNC->GSO1,TransfersOutsideServices,2026-09-29 08:00:00,2026-09-29 07:49:40,2026-09-29 12:00:00,2026-09-29 11:11:11,2026-09-29 13:45:58,AZNG-DV2600599,False,2026-09-29 08:00:00,0.32,FIFTY_THREE_FOOT_TRUCK,,0
113K65VY7,TRVT,AZNG,RPNV->LAS6,TransfersOutsideServices,2026-09-29 08:00:00,2026-09-29 06:43:17,2026-09-29 08:39:00,2026-09-29 07:53:54,,AZNG-531737,False,2026-09-29 08:00:00,-0.78,FIFTY_THREE_FOOT_TRUCK,,0
116RYMWNC,AABYB,AZNG,CVG2->LNRM,TransfersOutsideServices,2026-09-29 07:15:00,2026-09-29 06:57:47,2026-09-29 08:08:00,,,AZNG-LR166663,False,2026-09-29 07:15:00,-0.05,FIFTY_THREE_FOOT_TRUCK,,1136
11435NLCM,AYWOX,AZNG,RPNC->GSO1,TransfersOutsideServices,2026-09-29 05:00:00,2026-09-29 04:31:26,2026-09-29 09:00:00,2026-09-29 07:46:50,2026-09-29 09:11:59,AYWOX-GV2201974,False,2026-09-29 05:00:00,0.02,FIFTY_THREE_FOOT_TRUCK,,0
1121WMZKV,AKVDF,AZNG,TUS1->RPNV,TransfersOutsideServices,2026-09-29 04:30:00,2026-09-29 03:44:18,2026-09-29 11:16:00,,,AZNG-HV2306622,False,2026-09-29 04:30:00,-0.27,FIFTY_THREE_FOOT_TRUCK,,17
111W5MPHN,AEUAG,AZNG,SDF6->RPNC,TransfersOutsideServices,2026-09-29 04:00:00,2026-09-29 03:04:29,2026-09-29 11:41:00,,,AZNG-WV2502831,False,2026-09-29 04:00:00,-0.68,FIFTY_THREE_FOOT_TRUCK,,24
113RRP61Q,AGGKQ,AZNG,SDF6->RPNC,TransfersOutsideServices,2026-09-29 04:00:00,2026-09-29 02:33:44,2026-09-29 11:42:00,,,AZNG-HV2303209,False,2026-09-29 04:00:00,-0.95,FIFTY_THREE_FOOT_TRUCK,,24
115LMK175,ATCYC,AZNG,HOU3->RARC,TransfersOutsideServices,2026-09-29 01:00:00,2026-09-28 23:05:56,2026-09-30 09:18:00,,,AZNG-H16724,True,2026-09-29 01:00:00,-1.42,FIFTY_THREE_FOOT_TRUCK,,0
1156VXY88,ALFMZ,AZNG,CVG2->RPNC,TransfersOutsideServices,2026-09-28 23:00:00,2026-09-28 21:39:18,2026-09-29 10:00:00,,,AZNG-SV2602922,False,2026-09-28 23:00:00,-0.35,FIFTY_THREE_FOOT_TRUCK,,715
1159SQMXL,ATCYC,AZNG,CVG2->RPNC,TransfersOutsideServices,2026-09-28 23:00:00,2026-09-28 20:39:58,2026-09-29 07:53:00,,,AZNG-V507541,False,2026-09-28 23:00:00,-2.1,FIFTY_THREE_FOOT_TRUCK,,722
116PHC63Z,AIIFM,AZNG,CVG2->RPNC,TransfersOutsideServices,2026-09-28 23:00:00,2026-09-28 21:58:38,2026-09-29 07:53:00,,,AZNG-GV2600445,False,2026-09-28 23:00:00,-0.78,FIFTY_THREE_FOOT_TRUCK,,721
1113RV6G4,AOJXO,AZNG,CVG2->RPNC,TransfersOutsideServices,2026-09-28 22:30:00,2026-09-28 16:32:42,2026-09-29 07:23:00,,,AZNG-V567163,False,2026-09-28 22:30:00,-5.47,FIFTY_THREE_FOOT_TRUCK,,708
1166S8H1Q,AZBRL,AZNG,TUS1->RIMG,TransfersOutsideServices,2026-09-28 22:15:00,2026-09-28 21:23:15,2026-09-30 07:00:00,,,AZNG-HV2302168,False,2026-09-28 22:15:00,-0.62,FIFTY_THREE_FOOT_TRUCK,,24
114CX4RDH,NCSL,NCSL,YYZ9->RITO,TransfersOutsideServices,2026-09-28 16:30:00,2026-09-28 09:54:22,2026-09-28 20:00:00,,,OTHR-DUMMY145,False,2026-09-28 16:30:00,-6.1,FIFTY_THREE_FOOT_TRUCK,,1
116534VVS,AUZWA,AZNG,RIMG->FTW5,TransfersOutsideServices,2026-09-28 14:00:00,2026-09-28 11:23:59,2026-09-28 16:01:00,2026-09-28 16:14:41,,AZNG-GV2502391,False,2026-09-28 14:00:00,-0.62,FIFTY_THREE_FOOT_TRUCK,,0
113N4T6CF,AROJD,AZNG,RTPX->DAL3,TransfersOutsideServices,2026-09-28 13:34:00,2026-09-28 12:52:28,2026-09-28 14:41:00,,,,True,2026-09-28 13:34:00,-0.2,FIFTY_THREE_FOOT_TRUCK,,0
116TMQ8J8,ATSD1,AZNG,RTPX->HSV1,TransfersOutsideServices,2026-09-28 13:00:00,2026-09-28 08:56:02,2026-09-29 13:17:00,,,AZNG-GV2501891,False,2026-09-28 13:00:00,-2.07,FIFTY_THREE_FOOT_TRUCK,,0
116MPPBXW,ADSFR,AZNG,RTPX->HSV1,TransfersOutsideServices,2026-09-28 12:00:00,2026-09-28 02:26:06,2026-09-29 12:17:00,2026-09-29 02:00:18,,AZNG-W80108,False,2026-09-28 12:00:00,-7.57,FIFTY_THREE_FOOT_TRUCK,,0
116TKSZW6,AAXXC,AZNG,RRPR->CMH4,TransfersOutsideServices,2026-09-28 10:30:00,2026-09-28 09:04:53,2026-09-28 13:23:00,2026-09-28 12:02:28,2026-09-30 12:50:06,AZNG-V511808,False,2026-09-28 10:30:00,-0.93,FIFTY_THREE_FOOT_TRUCK,,0
1115B4RNR,AAMZO,AZNG,RRPR->CMH3,TransfersOutsideServices,2026-09-28 10:30:00,2026-09-28 09:07:53,2026-09-28 12:23:00,2026-09-28 11:53:46,2026-09-30 15:16:43,AZNG-HV2700488,False,2026-09-28 10:30:00,-0.88,FIFTY_THREE_FOOT_TRUCK,,0
113N4QRJD,TOMY,AZNG,CVG2->LNRM,TransfersOutsideServices,2026-09-28 10:00:00,2026-09-28 08:16:49,2026-09-28 10:55:00,,,AZNG-W80428,False,2026-09-28 10:00:00,-1.23,FIFTY_THREE_FOOT_TRUCK,,1202
111W23GX7,AZNPS,AZNG,RARC->MGE3,TransfersOutsideServices,2026-09-28 10:00:00,2026-09-28 06:57:24,2026-09-28 12:32:00,2026-09-28 11:43:27,,AZNG-SV2702188,False,2026-09-28 10:00:00,-2.55,FIFTY_THREE_FOOT_TRUCK,,0
113L9GZ6J,NCSL,AZNG,TEN1->RTPX,TransfersOutsideServices,2026-09-28 09:45:00,,2026-09-30 14:45:00,,,,False,2026-09-28 09:45:00,,FIFTY_THREE_FOOT_TRUCK,,0
112J6R6TN,NCSL,AZNG,TEN1->RTPX,TransfersOutsideServices,2026-09-28 09:45:00,,2026-09-30 14:45:00,,,AZNG-SV2202157,False,2026-09-28 09:45:00,,FIFTY_THREE_FOOT_TRUCK,,0
1122SH8CF,AHBLC,AZNG,RTPX->DAL3,TransfersOutsideServices,2026-09-28 09:00:00,2026-09-28 07:44:19,2026-09-28 10:07:00,2026-09-28 10:30:36,2026-09-30 12:32:29,AZNG-24565,False,2026-09-28 09:00:00,-0.77,FIFTY_THREE_FOOT_TRUCK,,0
112GTK7QH,ATIST,AZNG,RPNC->GSO1,TransfersOutsideServices,2026-09-28 09:00:00,2026-09-28 08:08:41,2026-09-28 13:00:00,2026-09-28 11:41:42,2026-09-28 15:30:19,AZNG-SV2701036,False,2026-09-28 09:00:00,-0.37,FIFTY_THREE_FOOT_TRUCK,,0
113FSKN5C,AVQFI,AZNG,RITO->YYZ1,TransfersOutsideServices,2026-09-28 09:00:00,2026-09-28 09:09:20,2026-09-28 09:51:00,2026-09-28 10:27:20,,AZNG-DV2300520,False,2026-09-28 09:00:00,0.65,FIFTY_THREE_FOOT_TRUCK,,0
1146PG1F6,ALNAV,,YYC1->RIVA,TransfersOutsideServices,2026-09-28 09:00:00,2026-09-28 08:08:20,2026-09-29 03:00:00,,,ALNAV-B53014,False,2026-09-28 09:00:00,-0.37,FIFTY_THREE_FOOT_TRUCK,,5
116NVNT11,AQQQQ,AZNG,CVG2->RRPR,TransfersOutsideServices,2026-09-28 08:45:00,2026-09-28 08:02:42,2026-09-28 09:27:00,,,AZNG-HV2507165,True,2026-09-28 08:45:00,-0.22,FIFTY_THREE_FOOT_TRUCK,,0
112FQ8S9W,APUST,AZNG,RITO->YYZ9,TransfersOutsideServices,2026-09-28 08:30:00,2026-09-28 07:45:47,2026-09-28 09:56:00,2026-09-28 09:56:44,,AZNG-DV2400121,False,2026-09-28 08:30:00,-0.25,FIFTY_THREE_FOOT_TRUCK,,0
112FYF5CG,AKOLX,AZNG,RPNV->LAS6,TransfersOutsideServices,2026-09-28 08:00:00,2026-09-28 07:04:49,2026-09-28 08:39:00,2026-09-28 08:51:53,2026-09-30 03:30:03,AZNG-V503090,False,2026-09-28 08:00:00,-0.43,FIFTY_THREE_FOOT_TRUCK,,0
115D224JK,AMJKP,AZNG,RPNV->LAS6,TransfersOutsideServices,2026-09-28 08:00:00,2026-09-28 06:54:40,2026-09-28 08:39:00,2026-09-28 08:38:21,2026-09-29 03:52:37,AZNG-HV2601882,False,2026-09-28 08:00:00,-0.6,FIFTY_THREE_FOOT_TRUCK,,0
11183KZ2Z,AKTED,AZNG,RPNC->GSO1,TransfersOutsideServices,2026-09-28 08:00:00,2026-09-28 06:01:12,2026-09-28 12:00:00,2026-09-28 11:24:03,2026-09-28 15:28:26,AZNG-HV2301312,False,2026-09-28 08:00:00,-1.48,FIFTY_THREE_FOOT_TRUCK,,0
112J2BL8L,AHKIT,AZNG,IAH1->RIMG,TransfersOutsideServices,2026-09-28 08:00:00,2026-09-28 07:42:45,2026-09-28 09:21:00,,,AZNG-HV2301268,False,2026-09-28 08:00:00,0.2,FIFTY_THREE_FOOT_TRUCK,,682
112SHP31D,AXFEJ,AZNG,PGA1->CHA1->MEM3->RTPX,TransfersOutsideServices,2026-09-28 08:00:00,2026-09-28 08:25:00,2026-10-01 08:00:00,,,AZNG-SV2700026,False,2026-09-28 08:00:00,0.92,FIFTY_THREE_FOOT_TRUCK,,307
1169ZKQ7P,TOMY,AZNG,CVG2->RRPR,TransfersOutsideServices,2026-09-28 08:00:00,2026-09-28 07:51:46,2026-09-28 08:42:00,,,AZNG-HV2304377,False,2026-09-28 08:00:00,0.35,FIFTY_THREE_FOOT_TRUCK,,685
1148NCLGT,AXJAX,AZNG,LEX1->RRPR,TransfersOutsideServices,2026-09-28 07:00:00,2026-09-28 01:16:21,2026-09-28 09:01:00,,,AZNG-HV2601698,False,2026-09-28 07:00:00,-5.23,FIFTY_THREE_FOOT_TRUCK,,268
112J5S3XF,RCVY,AZNG,LEX2->RRPR,TransfersOutsideServices,2026-09-28 06:30:00,2026-09-28 03:58:42,2026-09-28 08:41:00,,,AZNG-V568609,False,2026-09-28 06:30:00,-2.03,FIFTY_THREE_FOOT_TRUCK,,125
111L15Z79,JYRG,AZNG,TUS1->RPNV,TransfersOutsideServices,2026-09-28 04:30:00,2026-09-28 03:31:44,2026-09-28 11:16:00,,,AZNG-V573697,False,2026-09-28 04:30:00,-0.48,FIFTY_THREE_FOOT_TRUCK,,36
1151WKQM5,AZENE,AZNG,SDF9->LNRM,TransfersOutsideServices,2026-09-28 04:30:00,2026-09-28 03:35:19,2026-09-28 07:12:00,,,AZNG-V566045,False,2026-09-28 04:30:00,-0.42,FIFTY_THREE_FOOT_TRUCK,,179
113VCGF1N,ACVFC,AZNG,SDF6->RPNC,TransfersOutsideServices,2026-09-28 04:00:00,2026-09-27 18:55:43,2026-09-28 11:41:00,,,AZNG-VL786556,False,2026-09-28 04:00:00,-8.83,FIFTY_THREE_FOOT_TRUCK,,24
113M8W8JK,AZNPB,AZNG,SDF6->RPNC,TransfersOutsideServices,2026-09-28 04:00:00,2026-09-28 03:17:15,2026-09-28 11:41:00,,,AZNG-HV2502197,False,2026-09-28 04:00:00,-0.47,FIFTY_THREE_FOOT_TRUCK,,22
111V74B8J,ANCAK,AZNG,LAS2->RPNV,TransfersOutsideServices,2026-09-28 03:30:00,2026-09-28 02:54:56,2026-09-28 04:41:00,,,AZNG-W24668,False,2026-09-28 03:30:00,-0.1,FIFTY_THREE_FOOT_TRUCK,,407
11629H6SF,AAPMR,AZNG,HOU3->RARC,TransfersOutsideServices,2026-09-28 02:00:00,2026-09-28 02:10:01,2026-09-29 09:00:00,,,AZNG-910805,False,2026-09-28 02:00:00,0.42,FIFTY_THREE_FOOT_TRUCK,,1315
116B3B1LC,AYFDH,AZNG,TUS1->RIMG,TransfersOutsideServices,2026-09-28 02:00:00,2026-09-28 00:46:18,2026-09-29 11:38:00,,,AZNG-W36623,False,2026-09-28 02:00:00,-0.73,FIFTY_THREE_FOOT_TRUCK,,20
111HBKTYF,AFSXG,AZNG,CVG2->RPNC,TransfersOutsideServices,2026-09-27 23:00:00,2026-09-27 21:16:21,2026-09-28 07:53:00,,,AZNG-HV2201089,False,2026-09-27 23:00:00,-1.48,FIFTY_THREE_FOOT_TRUCK,,687
111VP51CY,IELQ,AZNG,TUS1->RPNV,TransfersOutsideServices,2026-09-27 21:15:00,2026-09-27 22:01:28,2026-09-28 04:01:00,,,AZNG-HV2603048,False,2026-09-27 21:15:00,1.27,FIFTY_THREE_FOOT_TRUCK,,24
113115Z4L,AHXDR,AZNG,CVG2->RGLD->RTPX,TransfersOutsideServices,2026-09-27 20:00:00,2026-09-27 16:29:01,2026-09-29 08:00:00,,,AZNG-V560231,False,2026-09-27 20:00:00,-2.52,FIFTY_THREE_FOOT_TRUCK,,944
115SKCZQG,AVGLK,AZNG,LAS2->RTPX,TransfersOutsideServices,2026-09-27 11:30:00,2026-09-27 10:32:23,2026-09-29 10:27:00,,,AZNG-V531071,False,2026-09-27 11:30:00,-0.47,FIFTY_THREE_FOOT_TRUCK,,0
112VQ9XYQ,APYPZ,AZNG,LEX1->LNRM,TransfersOutsideServices,2026-09-27 10:30:00,2026-09-27 07:05:24,2026-09-27 13:30:00,,,AZNG-HV2305371,False,2026-09-27 10:30:00,-2.92,FIFTY_THREE_FOOT_TRUCK,,660
114NL8CV2,AZNG,AZNG,LAS2->PHX6->TUS1->RTPX,TransfersOutsideServices,2026-09-27 10:00:00,,2026-09-29 19:30:00,,,,True,2026-09-27 10:00:00,,FIFTY_THREE_FOOT_TRUCK,,0
113SP3J9Q,HUBG,HGIU,SDF6->RTPX,TransfersOutsideServices,2026-09-27 07:00:00,,2026-09-28 09:00:00,,,,True,2026-09-27 07:00:00,,FIFTY_THREE_FOOT_CONTAINER,,0
113BWQXY6,LDDL,AZNG,IAH1->RTPX,TransfersOutsideServices,2026-09-27 05:28:00,2026-09-27 04:24:07,2026-09-27 07:17:00,,,AZNG-SV2601705,False,2026-09-27 05:28:00,-0.57,FIFTY_THREE_FOOT_TRUCK,,0
11158V7Z2,AYWOX,AZNG,TEN1->RPNC,TransfersOutsideServices,2026-09-27 04:45:00,2026-09-26 04:41:43,2026-09-28 04:45:00,,,AZNG-SV2604422,False,2026-09-27 04:45:00,0.43,FIFTY_THREE_FOOT_TRUCK,,1250
111MK75J5,HUBG,HGIU,SDF6->RTPX,TransfersOutsideServices,2026-09-27 04:30:00,2026-09-28 10:38:40,2026-09-28 09:00:00,,,HGIU-511525,False,2026-09-27 04:30:00,30.63,FIFTY_THREE_FOOT_CONTAINER,,24
112P4Q262,AQSMC,AZNG,MDT4->RPNC,TransfersOutsideServices,2026-09-27 00:00:00,2026-09-26 22:58:35,2026-09-28 12:44:00,,,AZNG-GV2202687,False,2026-09-27 00:00:00,-0.78,FIFTY_THREE_FOOT_TRUCK,,0
11345V3R5,AXOAJ,AZNG,TEN1->RTPX,TransfersOutsideServices,2026-09-26 15:00:00,2026-09-26 12:16:24,2026-09-28 15:32:00,,,AZNG-HV2303250,False,2026-09-26 15:00:00,-2.23,FIFTY_THREE_FOOT_TRUCK,,797
116B59BYY,NCSL,AZNG,RPNC->GSO1,TransfersOutsideServices,2026-09-26 13:45:00,,2026-09-26 18:45:00,,,,False,2026-09-26 13:45:00,,FIFTY_THREE_FOOT_TRUCK,,0
1155NPCD6,AWOKI,AZNG,CVG2->RPNC,TransfersOutsideServices,2026-09-26 07:55:00,2026-09-26 07:24:47,2026-09-26 18:15:00,,,AZNG-V568377,False,2026-09-26 07:55:00,-0.27,FIFTY_THREE_FOOT_TRUCK,,722
113BW21G7,NCSL,AZNG,TUS1->RPNV,TransfersOutsideServices,2026-09-26 06:45:00,,2026-09-26 14:45:00,,,AZNG-HV2602618,False,2026-09-26 06:45:00,,FIFTY_THREE_FOOT_TRUCK,,0
113QDGQZ7,HUBG,HGIU,SDF6->RTPX,TransfersOutsideServices,2026-09-26 05:00:00,2026-09-30 10:22:26,2026-09-30 05:00:00,,,HGIU-636528,False,2026-09-26 05:00:00,101.87,FIFTY_THREE_FOOT_CONTAINER,,24
113F95ZF4,AAUUM,AZNG,TEN1->RPNC,TransfersOutsideServices,2026-09-25 23:48:00,2026-09-26 00:24:22,2026-09-26 21:18:00,,,AZNG-HV2506608,False,2026-09-25 23:48:00,1.1,FIFTY_THREE_FOOT_TRUCK,,1104
116DXTXDB,AUFTH,AZNG,YYZ7->RITO,TransfersOutsideServices,2026-09-25 23:15:00,2026-09-25 21:28:31,2026-09-26 00:39:00,,,AZNG-DV2400361,False,2026-09-25 23:15:00,-1.28,FIFTY_THREE_FOOT_TRUCK,,475
111S6QDW2,AOZGO,AZNG,TUS1->RIMG,TransfersOutsideServices,2026-09-25 20:30:00,2026-09-25 19:19:25,2026-09-27 06:00:00,,,AZNG-V501867,False,2026-09-25 20:30:00,-0.68,FIFTY_THREE_FOOT_TRUCK,,641
11254VKQ8,ARABZ,AZNG,RPNC->CLT4,TransfersOutsideServices,2026-09-25 20:01:00,2026-09-25 18:42:33,2026-09-25 22:59:00,,,,True,2026-09-25 20:01:00,-0.82,FIFTY_THREE_FOOT_TRUCK,,0
114G42ZXY,AJVZQ,AZNG,SDF6->RPNC,TransfersOutsideServices,2026-09-25 17:30:00,2026-09-25 14:11:13,2026-09-26 03:41:00,,,AZNG-PTLZ252027,False,2026-09-25 17:30:00,-3.07,FIFTY_THREE_FOOT_TRUCK,,353
115YQ8X5Q,AHFKZ,AZNG,TEN1->RTPX,TransfersOutsideServices,2026-09-25 17:00:00,2026-09-25 16:03:15,2026-09-27 17:32:00,,,AZNG-GV2501145,False,2026-09-25 17:00:00,-0.45,FIFTY_THREE_FOOT_TRUCK,,845
1167YTM73,AAOXU,AZNG,RGLD->BNA2,TransfersOutsideServices,2026-09-25 14:30:00,2026-09-25 12:41:35,2026-09-25 15:52:00,2026-09-25 15:00:32,2026-09-26 00:20:07,AZNG-HV2503257,False,2026-09-25 14:30:00,-1.32,FIFTY_THREE_FOOT_TRUCK,,0
1116G8FFT,AYOVD,AZNG,RTPX->HSV1,TransfersOutsideServices,2026-09-25 14:00:00,2026-09-25 12:00:08,2026-09-26 14:17:00,,,,True,2026-09-25 14:00:00,0.0,FIFTY_THREE_FOOT_TRUCK,,0
11167PJRQ,AFTIB,AZNG,RIMG->FTW5,TransfersOutsideServices,2026-09-25 14:00:00,2026-09-25 09:59:51,2026-09-25 15:58:00,2026-09-25 12:21:02,,AZNG-HV2600397,False,2026-09-25 14:00:00,-2.02,FIFTY_THREE_FOOT_TRUCK,,0
1138MYYX1,AKAJM,AZNG,RIVA->YVR3,TransfersOutsideServices,2026-09-25 13:16:00,2026-09-25 10:58:53,2026-09-25 14:32:00,2026-09-25 13:20:12,2026-09-27 04:59:38,AZNG-DV2400598,False,2026-09-25 13:16:00,-2.28,FIFTY_THREE_FOOT_TRUCK,,0
116W1PWYN,AESEY,AZNG,RPNV->LAS6,TransfersOutsideServices,2026-09-25 12:50:00,2026-09-26 09:51:18,2026-09-25 13:29:00,,,AZNG-V573405,False,2026-09-25 12:50:00,21.52,FIFTY_THREE_FOOT_TRUCK,,0
11349M7D5,LDDL,AZNG,IAH1->RTPX,TransfersOutsideServices,2026-09-25 12:40:00,2026-09-25 11:33:31,2026-09-25 14:29:00,,,AZNG-V501564,True,2026-09-25 12:40:00,-0.62,FIFTY_THREE_FOOT_TRUCK,,0
114THJYBY,AZSTJ,AZNG,RTPX->HSV1,TransfersOutsideServices,2026-09-25 12:00:00,2026-09-24 22:25:12,2026-09-26 12:17:00,2026-09-26 09:19:49,,AZNG-HV2301570,False,2026-09-25 12:00:00,-11.58,FIFTY_THREE_FOOT_TRUCK,,0
11576BFVB,ABGLO,AZNG,RIMG->FTW6,TransfersOutsideServices,2026-09-25 11:00:00,2026-09-25 12:36:25,2026-09-25 12:00:00,,,,True,2026-09-25 11:00:00,2.1,FIFTY_THREE_FOOT_TRUCK,,0
11333P6K7,AKAJM,AZNG,YVR3->RIVA,TransfersOutsideServices,2026-09-25 11:00:00,2026-09-25 09:58:08,2026-09-25 12:15:00,,,AZNG-DV2400598,False,2026-09-25 11:00:00,-0.78,FIFTY_THREE_FOOT_TRUCK,,525
1116VTGJC,TOMY,AZNG,RIMG->FTW5,TransfersOutsideServices,2026-09-25 11:00:00,2026-09-25 10:28:23,2026-09-25 12:48:00,2026-09-25 12:09:39,2026-09-29 11:36:56,AZNG-GV2501164,False,2026-09-25 11:00:00,-0.03,FIFTY_THREE_FOOT_TRUCK,,0
111NT222J,AFJNS,AZNG,IND8->RRPR,TransfersOutsideServices,2026-09-25 10:30:00,2026-09-25 07:03:37,2026-09-25 13:30:00,,,AZNG-V572642,False,2026-09-25 10:30:00,-2.45,FIFTY_THREE_FOOT_TRUCK,,2020
1138HV6TS,ABWGC,AZNG,RTPX->DAL3,TransfersOutsideServices,2026-09-25 10:00:00,2026-09-25 05:18:45,2026-09-25 11:07:00,2026-09-25 10:56:04,2026-09-26 02:18:32,AZNG-V520296,False,2026-09-25 10:00:00,-4.2,FIFTY_THREE_FOOT_TRUCK,,0
115C8YCQK,AHKMP,AZNG,RPNC->GSO1,TransfersOutsideServices,2026-09-25 10:00:00,2026-09-25 08:30:52,2026-09-26 00:30:00,2026-09-26 01:25:04,2026-09-27 18:44:16,AZNG-GV2202276,False,2026-09-25 10:00:00,-1.0,FIFTY_THREE_FOOT_TRUCK,,0
112LKFMMK,VMBN,AZNG,YYZ1->RITO,TransfersOutsideServices,2026-09-25 10:00:00,2026-09-25 09:43:45,2026-09-25 10:49:00,,,AZNG-SVC260167,False,2026-09-25 10:00:00,-0.03,FIFTY_THREE_FOOT_TRUCK,,675
116LG2QVR,AYSOZ,_____,RARC->AGS1,TransfersOutsideServices,2026-09-25 10:00:00,2026-09-25 09:09:16,2026-09-25 11:18:00,2026-09-25 10:31:40,2026-09-25 11:08:52,,False,2026-09-25 10:00:00,-0.35,TWENTY_SIX_FOOT_BOX_TRUCK,,0
113MFTQ4M,AWMEG,AZNG,RARC->MGE3,TransfersOutsideServices,2026-09-25 10:00:00,,2026-09-25 12:32:00,,,,True,2026-09-25 10:00:00,,FIFTY_THREE_FOOT_TRUCK,,0
111Z8RRGK,TOMY,AZNG,RPNV->LAS7,TransfersOutsideServices,2026-09-25 10:00:00,2026-09-25 08:00:23,2026-09-25 10:54:00,2026-09-25 09:34:02,2026-09-28 23:47:01,AZNG-V567673,False,2026-09-25 10:00:00,-1.5,FIFTY_THREE_FOOT_TRUCK,,0
111FX269K,ATAWN,AZNG,RTPX->DAL3,TransfersOutsideServices,2026-09-25 09:00:00,2026-09-25 07:02:21,2026-09-25 10:07:00,,,,True,2026-09-25 09:00:00,-1.47,FIFTY_THREE_FOOT_TRUCK,,0
115NK2ZL8,AZNG,AZNG,RIVA->YVR3,TransfersOutsideServices,2026-09-25 09:00:00,,2026-09-25 10:17:00,,,,True,2026-09-25 09:00:00,,FIFTY_THREE_FOOT_TRUCK,,0
115C3ZV28,AEGTG,AZNG,RGLD->BNA2,TransfersOutsideServices,2026-09-25 09:00:00,2026-09-25 05:58:54,2026-09-25 10:30:00,2026-09-25 09:36:17,2026-09-30 02:54:03,AZNG-HV2500125,False,2026-09-25 09:00:00,-2.03,FIFTY_THREE_FOOT_TRUCK,,0
114VSK4VC,PSWL,AZNG,RPNC->GSO1,TransfersOutsideServices,2026-09-25 09:00:00,2026-09-25 07:36:10,2026-09-25 13:00:00,2026-09-25 11:13:47,2026-09-27 09:13:10,AZNG-HV2604003,False,2026-09-25 09:00:00,-0.9,FIFTY_THREE_FOOT_TRUCK,,0
11239K6WP,TEZK,AZNG,RITO->YYZ1,TransfersOutsideServices,2026-09-25 09:00:00,2026-09-25 07:24:40,2026-09-25 09:51:00,2026-09-25 09:08:19,,AZNG-DV2300107,False,2026-09-25 09:00:00,-0.6,FIFTY_THREE_FOOT_TRUCK,,0
116K9DSTQ,AZDGF,AZNG,RTPX->LAS2,TransfersOutsideServices,2026-09-25 09:00:00,2026-09-25 07:10:44,2026-09-27 09:00:00,2026-09-27 08:10:21,,AZNG-HV2201224,False,2026-09-25 09:00:00,-1.33,FIFTY_THREE_FOOT_TRUCK,,0
1114HV4R7,NCSL,AZNG,SDF6->RPNC,TransfersOutsideServices,2026-09-25 08:45:00,,2026-09-25 16:02:00,,,AZNG-WV2502831,False,2026-09-25 08:45:00,,FIFTY_THREE_FOOT_TRUCK,,0
114JPWSBX,AELKX,AZNG,RITO->YYZ9,TransfersOutsideServices,2026-09-25 08:30:00,2026-09-25 06:47:49,2026-09-25 09:55:00,2026-09-25 10:02:46,,AZNG-DV2400004,False,2026-09-25 08:30:00,-0.72,FIFTY_THREE_FOOT_TRUCK,,0
113T7TLVL,AAVQM,AZNG,CVG2->RPNC,TransfersOutsideServices,2026-09-25 08:15:00,2026-09-25 07:11:02,2026-09-25 18:35:00,,,AZNG-GV2200714,False,2026-09-25 08:15:00,-0.82,FIFTY_THREE_FOOT_TRUCK,,752
111NVM4WC,AHAAO,AZNG,RPNC->GSO1,TransfersOutsideServices,2026-09-25 08:00:00,2026-09-25 06:16:33,2026-09-25 12:00:00,2026-09-25 10:50:22,2026-09-26 20:13:54,AZNG-P5265261,False,2026-09-25 08:00:00,-1.23,FIFTY_THREE_FOOT_TRUCK,,0
115HSPH4C,ALZUU,AZNG,RPNV->LAS6,TransfersOutsideServices,2026-09-25 08:00:00,2026-09-25 06:25:03,2026-09-25 08:39:00,2026-09-25 07:43:15,2026-09-26 08:29:24,AZNG-GV2502273,False,2026-09-25 08:00:00,-1.08,FIFTY_THREE_FOOT_TRUCK,,0
115J2D6LD,AHFRY,AZNG,TEN1->RPNC,TransfersOutsideServices,2026-09-25 07:32:00,2026-09-25 04:50:22,2026-09-26 05:02:00,,,AZNG-SV2602143,False,2026-09-25 07:32:00,-2.2,FIFTY_THREE_FOOT_TRUCK,,1092
114ZFKSTT,AWAND,AZNG,RPNC->GSO1,TransfersOutsideServices,2026-09-25 07:00:00,2026-09-25 05:21:20,2026-09-25 11:00:00,,,,True,2026-09-25 07:00:00,-1.15,FIFTY_THREE_FOOT_TRUCK,,0
115RQ7DG7,AFHDL,AZNG,TUS1->RPNV,TransfersOutsideServices,2026-09-25 06:44:00,2026-09-25 05:15:06,2026-09-26 01:34:00,,,AZNG-HV2203301,False,2026-09-25 06:44:00,-1.23,FIFTY_THREE_FOOT_TRUCK,,629
1169SBCJK,ASDZA,AZNG,TUS1->RPNV,TransfersOutsideServices,2026-09-25 04:30:00,2026-09-25 02:13:00,2026-09-25 11:16:00,,,AZNG-SV2700162,False,2026-09-25 04:30:00,-1.78,FIFTY_THREE_FOOT_TRUCK,,667
112L64MGP,AMUCJ,AZNG,CVG2->RPNC,TransfersOutsideServices,2026-09-25 04:30:00,2026-09-25 02:09:07,2026-09-25 14:00:00,,,AZNG-V501378,False,2026-09-25 04:30:00,-1.85,FIFTY_THREE_FOOT_TRUCK,,749
114WK4Z6T,ANIEN,AZNG,SDF6->RPNC,TransfersOutsideServices,2026-09-25 04:00:00,2026-09-25 01:35:52,2026-09-25 11:37:00,,,AZNG-VL786066,False,2026-09-25 04:00:00,-1.92,FIFTY_THREE_FOOT_TRUCK,,394
112MX71L4,AFLXX,AZNG,SDF6->RPNC,TransfersOutsideServices,2026-09-25 04:00:00,2026-09-25 02:15:13,2026-09-25 11:37:00,,,AZNG-W37976,False,2026-09-25 04:00:00,-1.25,FIFTY_THREE_FOOT_TRUCK,,400
1169V6DV9,AZKR,AZNG,TUS1->RPNV,TransfersOutsideServices,2026-09-25 01:30:00,2026-09-24 21:13:57,2026-09-25 18:46:00,,,AZNG-W22804,False,2026-09-25 01:30:00,-3.78,FIFTY_THREE_FOOT_TRUCK,,628
116R1NH8C,ALICG,AZNG,SDF6->RPNC,TransfersOutsideServices,2026-09-25 00:50:00,2026-09-25 00:03:43,2026-09-25 11:01:00,,,AZNG-HV2502161,False,2026-09-25 00:50:00,-0.53,FIFTY_THREE_FOOT_TRUCK,,399
1127ZM6N6,APWBI,AZNG,TUS1->RPNV,TransfersOutsideServices,2026-09-25 00:09:00,2026-09-24 22:55:18,2026-09-25 18:09:00,,,AZNG-HV2505128,False,2026-09-25 00:09:00,-0.23,FIFTY_THREE_FOOT_TRUCK,,556
115GKZZN1,NCSL,,YYZ9->RITO,TransfersOutsideServices,2026-09-25 00:00:00,,2026-09-25 01:33:00,,,,False,2026-09-25 00:00:00,,FIFTY_THREE_FOOT_TRUCK,,0
112FZ7K8J,AJZYZ,AJZYZ,CVG2->RPNC,TransfersOutsideServices,2026-09-24 23:00:00,,2026-09-25 07:53:00,,,AZNG-SV2602922,True,2026-09-24 23:00:00,,FIFTY_THREE_FOOT_TRUCK,,0
113YGTWKK,NCSL,AZNG,CVG2->RGLD->RTPX,TransfersOutsideServices,2026-09-24 20:45:00,,2026-09-26 22:00:00,,,AZNG-SV2604257,False,2026-09-24 20:45:00,,FIFTY_THREE_FOOT_TRUCK,,0
116TLLYJM,LDDL,AZNG,XTT1->RPNC,TransfersOutsideServices,2026-09-24 17:00:00,2026-09-24 15:31:34,2026-09-25 16:00:00,,,AZNG-HV2500959,True,2026-09-24 17:00:00,-0.48,FIFTY_THREE_FOOT_TRUCK,,0
111MV6T97,ATEAY,AZNG,RIMG->FTW5,TransfersOutsideServices,2026-09-24 16:03:00,2026-09-24 13:14:48,2026-09-24 18:01:00,,,,True,2026-09-24 16:03:00,-0.82,FIFTY_THREE_FOOT_TRUCK,,0
113TLXCXC,AMUND,AZNG,RRPR->CMH3,TransfersOutsideServices,2026-09-24 14:30:00,2026-09-24 13:34:01,2026-09-24 16:23:00,,,,True,2026-09-24 14:30:00,-0.43,FIFTY_THREE_FOOT_TRUCK,,0
111SYHZ8G,AZASF,AZNG,RPNC->GSO1,TransfersOutsideServices,2026-09-24 14:01:00,2026-09-24 12:55:24,2026-09-24 18:01:00,2026-09-24 18:00:29,2026-09-25 18:48:11,AZNG-V560293,False,2026-09-24 14:01:00,-0.6,FIFTY_THREE_FOOT_TRUCK,,0
114TMVSGW,AVTRC,AZNG,RTPX->DAL3,TransfersOutsideServices,2026-09-24 13:24:00,2026-09-24 11:58:44,2026-09-24 14:31:00,2026-09-24 15:59:08,2026-09-26 10:43:15,AZNG-V501581,False,2026-09-24 13:24:00,-0.93,FIFTY_THREE_FOOT_TRUCK,,0
116N79QQF,APHXX,AZNG,RIMG->FTW6,TransfersOutsideServices,2026-09-24 13:23:00,2026-09-24 12:31:16,2026-09-24 14:23:00,,,,True,2026-09-24 13:23:00,-0.37,FIFTY_THREE_FOOT_TRUCK,,0
11348CD3Q,AVSHP,AZNG,RTPX->HSV1,TransfersOutsideServices,2026-09-24 12:00:00,2026-09-23 21:35:27,2026-09-25 12:17:00,2026-09-24 23:29:36,2026-09-29 14:54:38,AZNG-V523576,False,2026-09-24 12:00:00,-12.42,FIFTY_THREE_FOOT_TRUCK,,0
116991R9H,ADFBF,AZNG,RPNC->GSO1,TransfersOutsideServices,2026-09-24 12:00:00,2026-09-24 10:52:13,2026-09-24 16:00:00,2026-09-24 15:33:59,2026-09-25 02:12:55,AZNG-HV2303762,False,2026-09-24 12:00:00,-0.63,FIFTY_THREE_FOOT_TRUCK,,0
1118572R4,AUDLI,AZNG,RIMG->FTW5,TransfersOutsideServices,2026-09-24 11:00:00,2026-09-24 12:49:08,2026-09-24 12:48:00,,,,True,2026-09-24 11:00:00,2.32,FIFTY_THREE_FOOT_TRUCK,,0
1158LP8D6,TOMY,AZNG,LEX1->LNRM,TransfersOutsideServices,2026-09-24 10:45:00,2026-09-24 10:13:56,2026-09-24 13:21:00,,,AZNG-HV2504600,False,2026-09-24 10:45:00,-0.28,FIFTY_THREE_FOOT_TRUCK,,7260
112Y2PPP5,AEAFH,AZNG,RRPR->CMH4,TransfersOutsideServices,2026-09-24 10:30:00,2026-09-24 10:05:11,2026-09-24 13:23:00,2026-09-24 13:07:20,2026-09-26 09:31:29,AZNG-GV2700661,False,2026-09-24 10:30:00,0.08,FIFTY_THREE_FOOT_TRUCK,,0
1146789S5,KIVL,AZNG,RTPX->DAL3,TransfersOutsideServices,2026-09-24 10:00:00,2026-09-24 08:14:55,2026-09-24 11:07:00,,,,True,2026-09-24 10:00:00,-1.27,FIFTY_THREE_FOOT_TRUCK,,0
114N8S3PF,AUFST,AZNG,CVG2->LNRM,TransfersOutsideServices,2026-09-24 10:00:00,2026-09-24 08:51:40,2026-09-24 10:55:00,,,AZNG-V572827,False,2026-09-24 10:00:00,-0.65,FIFTY_THREE_FOOT_TRUCK,,1283
1114B8DGM,ABXCA,AZNG,RPNC->GSO1,TransfersOutsideServices,2026-09-24 10:00:00,2026-09-24 09:22:39,2026-09-24 14:00:00,2026-09-24 13:31:28,2026-09-25 04:21:14,AZNG-HV2700656,False,2026-09-24 10:00:00,-0.13,FIFTY_THREE_FOOT_TRUCK,,0
1151MLVHJ,ADYHO,,YYZ9->RITO,TransfersOutsideServices,2026-09-24 10:00:00,2026-09-24 09:20:59,2026-09-24 12:00:00,,,OTHR-KL030,False,2026-09-24 10:00:00,-0.17,FIFTY_THREE_FOOT_TRUCK,,555
114B42D6D,AXJSU,,RIVA->YYC1,TransfersOutsideServices,2026-09-24 09:00:00,2026-09-24 06:23:39,2026-09-25 03:00:00,2026-09-25 07:49:13,,ALPLD-GT048V,False,2026-09-24 09:00:00,-2.12,FIFTY_THREE_FOOT_TRUCK,,0
116M8V9H3,AMDVN,AZNG,RPNC->GSO1,TransfersOutsideServices,2026-09-24 09:00:00,2026-09-24 10:31:33,2026-09-24 13:00:00,2026-09-24 15:28:22,2026-09-26 09:58:07,AZNG-W88950,False,2026-09-24 09:00:00,2.02,FIFTY_THREE_FOOT_TRUCK,,0
111XTDMXG,AJZUB,AZNG,RTPX->DAL3,TransfersOutsideServices,2026-09-24 09:00:00,2026-09-24 08:31:39,2026-09-24 10:07:00,2026-09-24 10:06:43,2026-09-24 12:44:50,AZNG-V568058,False,2026-09-24 09:00:00,0.02,FIFTY_THREE_FOOT_TRUCK,,0
113QBCHNZ,ABRFJ,AZNG,RITO->YYZ9,TransfersOutsideServices,2026-09-24 08:30:00,2026-09-24 06:24:59,2026-09-24 09:55:00,2026-09-24 09:40:49,,AZNG-HV2602113,False,2026-09-24 08:30:00,-1.1,FIFTY_THREE_FOOT_TRUCK,,0
111WBHNK8,AESEY,AZNG,RPNV->LAS6,TransfersOutsideServices,2026-09-24 08:00:00,2026-09-24 07:18:10,2026-09-24 08:39:00,2026-09-24 08:02:44,2026-09-27 03:21:10,AZNG-HV2505775,False,2026-09-24 08:00:00,-0.2,FIFTY_THREE_FOOT_TRUCK,,0
112NFFPSN,ATYKK,AZNG,RPNV->LAS6,TransfersOutsideServices,2026-09-24 08:00:00,2026-09-24 05:45:33,2026-09-24 08:39:00,2026-09-24 06:57:09,2026-09-25 16:39:58,AZNG-WV2500035,False,2026-09-24 08:00:00,-1.75,FIFTY_THREE_FOOT_TRUCK,,0
114K1VR51,ALTLQ,AZNG,RPNC->GSO1,TransfersOutsideServices,2026-09-24 08:00:00,2026-09-24 08:22:19,2026-09-24 12:00:00,2026-09-24 13:10:42,2026-09-25 00:47:54,ALTLQ-SV2604986,False,2026-09-24 08:00:00,0.87,FIFTY_THREE_FOOT_TRUCK,,0
112HBCVN2,ASNML,AZNG,RIMG->FTW5,TransfersOutsideServices,2026-09-24 07:30:00,2026-09-24 08:17:33,2026-09-24 09:25:00,,,,True,2026-09-24 07:30:00,1.28,FIFTY_THREE_FOOT_TRUCK,,0
113Z91JSL,AQJOL,AZNG,CLT6->RPNC,TransfersOutsideServices,2026-09-24 06:00:00,2026-09-24 05:29:55,2026-09-24 11:15:00,,,,True,2026-09-24 06:00:00,-0.02,FIFTY_THREE_FOOT_TRUCK,,0
111HB8JBR,AWRJT,AZNG,SDF6->RPNC,TransfersOutsideServices,2026-09-24 04:00:00,2026-09-24 02:36:44,2026-09-24 11:37:00,,,AZNG-V563132,False,2026-09-24 04:00:00,-0.9,FIFTY_THREE_FOOT_TRUCK,,416
1133DD8F3,AZOLO,AZNG,SDF6->RPNC,TransfersOutsideServices,2026-09-24 04:00:00,2026-09-24 02:13:40,2026-09-24 11:41:00,,,AZNG-SV2604911,False,2026-09-24 04:00:00,-1.53,FIFTY_THREE_FOOT_TRUCK,,427
1128J4777,ASHBC,AZNG,TUS1->RIMG,TransfersOutsideServices,2026-09-24 03:28:00,2026-09-23 23:02:11,2026-09-25 11:08:00,,,AZNG-V510406,False,2026-09-24 03:28:00,-4.18,FIFTY_THREE_FOOT_TRUCK,,605
1155SPN6B,AULMQ,AZNG,LUK7->RPNC,TransfersOutsideServices,2026-09-24 03:00:00,,2026-09-24 12:00:00,,,,True,2026-09-24 03:00:00,,FIFTY_THREE_FOOT_TRUCK,,0
111JWCPCZ,ADDBV,AZNG,TUS1->RTPX,TransfersOutsideServices,2026-09-24 02:45:00,2026-09-24 02:00:28,2026-09-25 22:45:00,,,AZNG-H2208,False,2026-09-24 02:45:00,-0.25,FIFTY_THREE_FOOT_TRUCK,,548
1165LGK4Z,AYBIA,AZNG,RTPX->RGLD,TransfersOutsideServices,2026-09-24 00:00:00,2026-09-23 21:03:40,2026-09-25 00:33:00,,,,True,2026-09-24 00:00:00,-0.95,FIFTY_THREE_FOOT_TRUCK,,0
111JZ7JFN,AJZYZ,AJZYZ,CVG2->RPNC,TransfersOutsideServices,2026-09-23 23:00:00,,2026-09-24 07:53:00,,,AZNG-V567163,True,2026-09-23 23:00:00,,FIFTY_THREE_FOOT_TRUCK,,0
111XKKCWT,AXKBH,AZNG,CVG2->RPNC,TransfersOutsideServices,2026-09-23 22:00:00,2026-09-23 21:54:04,2026-09-24 06:53:00,,,AZNG-HV2503143,False,2026-09-23 22:00:00,0.15,FIFTY_THREE_FOOT_TRUCK,,737
1157M5B1B,AZPHO,AZNG,CVG2->RPNC,TransfersOutsideServices,2026-09-23 22:00:00,2026-09-23 20:18:13,2026-09-24 09:00:00,,,AZNG-V571055,False,2026-09-23 22:00:00,-0.7,FIFTY_THREE_FOOT_TRUCK,,719
114VHCN18,AUVQI,AZNG,CVG2->RGLD->RTPX,TransfersOutsideServices,2026-09-23 20:30:00,,2026-09-25 09:00:00,,,AZNG-V560231,True,2026-09-23 20:30:00,,FIFTY_THREE_FOOT_TRUCK,,0
113T4VMBM,ARJIJ,AZNG,RIMG->FTW5,TransfersOutsideServices,2026-09-23 20:15:00,,2026-09-23 22:13:00,,,,True,2026-09-23 20:15:00,,FIFTY_THREE_FOOT_TRUCK,,0
116MWBKP4,AXOLY,AZNG,RTPX->HSV1,TransfersOutsideServices,2026-09-23 19:00:00,2026-09-23 15:24:30,2026-09-24 19:17:00,,,,True,2026-09-23 19:00:00,-1.6,FIFTY_THREE_FOOT_TRUCK,,0
114CQZNG8,ABAMZ,AZNG,RGLD->BNA2,TransfersOutsideServices,2026-09-23 14:30:00,,2026-09-23 15:52:00,,,,True,2026-09-23 14:30:00,,FIFTY_THREE_FOOT_TRUCK,,0
115H844Q4,AATMU,AZNG,RTPX->DAL3,TransfersOutsideServices,2026-09-23 14:04:00,,2026-09-23 15:11:00,,,,True,2026-09-23 14:04:00,,FIFTY_THREE_FOOT_TRUCK,,0
116W76SVD,NCSL,AZNG,IAH1->RIMG,TransfersOutsideServices,2026-09-23 13:00:00,,2026-09-23 15:00:00,,,AZNG-HV2301268,False,2026-09-23 13:00:00,,FIFTY_THREE_FOOT_TRUCK,,0
116NFQ2MM,AADHW,AZNG,RPNV->TUS1,TransfersOutsideServices,2026-09-23 13:00:00,2026-09-22 12:07:38,2026-09-24 14:32:00,2026-09-22 19:31:30,,AZNG-HV2300514,False,2026-09-23 13:00:00,-22.88,FIFTY_THREE_FOOT_TRUCK,,0
1164PBRGP,AJIPP,AZNG,RTPX->HSV1,TransfersOutsideServices,2026-09-23 13:00:00,2026-09-23 09:57:29,2026-09-24 13:17:00,2026-09-23 23:54:29,2026-09-27 18:24:52,AZNG-HV2301047,False,2026-09-23 13:00:00,-1.05,FIFTY_THREE_FOOT_TRUCK,,0
1162RKCYD,ASCCW,AZNG,RIMG->FTW5,TransfersOutsideServices,2026-09-23 12:00:00,2026-09-23 11:41:08,2026-09-23 13:48:00,2026-09-23 14:44:16,2026-09-26 00:24:52,AZNG-GV2502260,False,2026-09-23 12:00:00,0.18,FIFTY_THREE_FOOT_TRUCK,,0
115RWZ3FP,AVXHM,AZNG,CVG2->LNRM,TransfersOutsideServices,2026-09-23 12:00:00,2026-09-23 11:12:57,2026-09-23 12:55:00,,,AZNG-GV2400411,False,2026-09-23 12:00:00,-0.3,FIFTY_THREE_FOOT_TRUCK,,1088
1145YZ2NF,AUXGI,AZNG,RRPR->CVG2,TransfersOutsideServices,2026-09-23 11:00:00,2026-09-23 10:04:39,2026-09-23 11:40:00,2026-09-23 11:11:35,,AZNG-HV2302971,False,2026-09-23 11:00:00,-0.43,FIFTY_THREE_FOOT_TRUCK,,0
115PGG28Y,EGFM,EGFM,YYZ9->RITO,TransfersOutsideServices,2026-09-23 11:00:00,2026-09-23 09:57:05,2026-09-23 12:23:00,,,EGFM-EFS2024,False,2026-09-23 11:00:00,-0.8,FIFTY_THREE_FOOT_TRUCK,,524
111DQXZFL,AUCFZ,_____,RARC->AGS1,TransfersOutsideServices,2026-09-23 10:00:00,2026-09-23 09:10:08,2026-09-23 11:18:00,2026-09-23 10:25:53,2026-09-23 11:43:01,,False,2026-09-23 10:00:00,-0.33,TWENTY_SIX_FOOT_BOX_TRUCK,,0
116GBGT9P,AVXHM,AZNG,LEX2->LNRM,TransfersOutsideServices,2026-09-23 10:00:00,2026-09-23 08:05:26,2026-09-23 12:08:00,,,AZNG-442577,False,2026-09-23 10:00:00,-1.42,FIFTY_THREE_FOOT_TRUCK,,10075
115YCQHLT,AUBJT,AZNG,RPNV->TUS1,TransfersOutsideServices,2026-09-23 10:00:00,2026-09-22 18:29:04,2026-09-24 11:32:00,2026-09-23 15:13:33,,AZNG-SV2603577,False,2026-09-23 10:00:00,-13.52,FIFTY_THREE_FOOT_TRUCK,,0
114WTQLX3,AEUKK,AZNG,RPNC->GSO1,TransfersOutsideServices,2026-09-23 10:00:00,2026-09-23 09:10:36,2026-09-23 14:00:00,2026-09-23 14:07:08,2026-09-23 18:29:35,OTHR-HV2305058,False,2026-09-23 10:00:00,-0.33,FIFTY_THREE_FOOT_TRUCK,,0
1128F9X6G,ABRFJ,AZNG,YYZ1->RITO,TransfersOutsideServices,2026-09-23 10:00:00,2026-09-23 09:27:35,2026-09-23 10:49:00,,,AZNG-V571584,False,2026-09-23 10:00:00,-0.3,FIFTY_THREE_FOOT_TRUCK,,1054
115RTQBS9,TOMY,AZNG,RARC->MGE3,TransfersOutsideServices,2026-09-23 10:00:00,2026-09-23 08:57:25,2026-09-23 12:32:00,2026-09-23 12:43:32,2026-09-24 04:06:09,AZNG-NS536047,False,2026-09-23 10:00:00,-0.55,FIFTY_THREE_FOOT_TRUCK,,0
111H1D3PT,AXCYK,AZNG,RITO->YYZ1,TransfersOutsideServices,2026-09-23 09:00:00,2026-09-23 07:35:52,2026-09-23 09:51:00,2026-09-23 09:16:49,,AZNG-DV2400617,False,2026-09-23 09:00:00,-0.92,FIFTY_THREE_FOOT_TRUCK,,0
114HFLNFZ,AHXDR,AZNG,RTPX->LAS2,TransfersOutsideServices,2026-09-23 09:00:00,,2026-09-25 05:00:00,,,,True,2026-09-23 09:00:00,,FIFTY_THREE_FOOT_TRUCK,,0
115CG6SY2,AYBEB,AZNG,RPNC->CVG2,TransfersOutsideServices,2026-09-23 09:00:00,2026-09-23 08:09:08,2026-09-23 17:09:00,2026-09-23 17:13:57,,AZNG-GV2201850,False,2026-09-23 09:00:00,-0.35,FIFTY_THREE_FOOT_TRUCK,,0
116FBG3NK,AMZBE,AZNG,RPNC->GSO1,TransfersOutsideServices,2026-09-23 09:00:00,2026-09-23 09:10:23,2026-09-23 13:00:00,,,,True,2026-09-23 09:00:00,0.67,FIFTY_THREE_FOOT_TRUCK,,0
114M1N6L4,AJDOB,AZNG,RTPX->DAL3,TransfersOutsideServices,2026-09-23 09:00:00,2026-09-23 08:37:26,2026-09-23 10:07:00,2026-09-23 09:51:12,2026-09-24 00:17:49,AZNG-HV2300641,False,2026-09-23 09:00:00,0.12,FIFTY_THREE_FOOT_TRUCK,,0
112LLKMN6,ABKBR,AZNG,RPNC->CVG2,TransfersOutsideServices,2026-09-23 09:00:00,2026-09-23 09:25:37,2026-09-24 03:39:00,2026-09-24 04:54:18,,AZNG-SV2602910,False,2026-09-23 09:00:00,0.92,FIFTY_THREE_FOOT_TRUCK,,0
1125RQP2K,AGUJK,AZNG,RGLD->CVG2,TransfersOutsideServices,2026-09-23 09:00:00,2026-09-23 08:07:59,2026-09-23 16:14:00,2026-09-23 17:27:56,,AZNG-HV2503254,False,2026-09-23 09:00:00,-0.38,FIFTY_THREE_FOOT_TRUCK,,0
116LQX9S6,HNMC,AZNG,RITO->YYZ9,TransfersOutsideServices,2026-09-23 08:30:00,2026-09-23 06:04:54,2026-09-23 09:55:00,2026-09-23 10:15:14,,AZNG-DV2400187,False,2026-09-23 08:30:00,-1.43,FIFTY_THREE_FOOT_TRUCK,,0
111B3C759,RYKE,AZNG,CVG9->LNRM,TransfersOutsideServices,2026-09-23 08:28:00,2026-09-23 07:54:58,2026-09-23 09:21:00,,,AZNG-V569990,False,2026-09-23 08:28:00,-0.07,FIFTY_THREE_FOOT_TRUCK,,0
116NQXDFC,IELQ,AZNG,RPNV->LAS6,TransfersOutsideServices,2026-09-23 08:00:00,2026-09-23 06:34:21,2026-09-23 08:39:00,2026-09-23 07:18:25,2026-09-28 09:39:52,AZNG-DV2600294,False,2026-09-23 08:00:00,-0.93,FIFTY_THREE_FOOT_TRUCK,,0
113WHFDJZ,TOMY,AZNG,RPNV->LAS6,TransfersOutsideServices,2026-09-23 08:00:00,2026-09-23 07:15:31,2026-09-23 08:39:00,,,,True,2026-09-23 08:00:00,-0.25,FIFTY_THREE_FOOT_TRUCK,,0
111MDMXY6,TOMY,AZNG,RPNV->LAS6,TransfersOutsideServices,2026-09-23 08:00:00,2026-09-23 06:03:56,2026-09-23 08:39:00,2026-09-23 08:15:09,2026-09-25 01:11:03,AZNG-PTLZ260807,False,2026-09-23 08:00:00,-1.45,FIFTY_THREE_FOOT_TRUCK,,0
115Q3HGMP,AIORL,AZNG,RPNC->GSO1,TransfersOutsideServices,2026-09-23 08:00:00,2026-09-23 06:36:58,2026-09-23 12:00:00,2026-09-23 11:31:22,2026-09-24 20:28:16,AZNG-V521297,False,2026-09-23 08:00:00,-0.9,FIFTY_THREE_FOOT_TRUCK,,0
1151DSZWY,ARAZO,AZNG,RPNC->GSO1,TransfersOutsideServices,2026-09-23 07:00:00,2026-09-23 06:31:08,2026-09-23 11:00:00,2026-09-23 11:51:49,2026-09-24 20:30:31,AZNG-HV2503513,False,2026-09-23 07:00:00,0.02,FIFTY_THREE_FOOT_TRUCK,,0
1137NHWLP,HUBG,HGIU,SDF6->RTPX,TransfersOutsideServices,2026-09-23 05:30:00,2026-09-23 09:51:24,2026-09-24 08:00:00,,,HGIU-651292,False,2026-09-23 05:30:00,4.6,FIFTY_THREE_FOOT_CONTAINER,,472
1142VZTGM,AZGCX,AZNG,LEX2->LNRM,TransfersOutsideServices,2026-09-23 05:00:00,2026-09-23 03:30:02,2026-09-23 07:08:00,,,AZNG-V507915,False,2026-09-23 05:00:00,-1.0,FIFTY_THREE_FOOT_TRUCK,,11239
1149P5RD1,ALXNK,AZNG,CLT2->RPNC,TransfersOutsideServices,2026-09-23 04:43:00,2026-09-23 03:03:47,2026-09-23 08:10:00,,,AZNG-HV2501601,False,2026-09-23 04:43:00,-1.17,FIFTY_THREE_FOOT_TRUCK,,0
114L3DVLN,AWQES,AZNG,IND8->RRPR,TransfersOutsideServices,2026-09-23 04:30:00,2026-09-23 03:47:11,2026-09-23 08:00:00,,,AZNG-SV2700138,False,2026-09-23 04:30:00,-0.22,FIFTY_THREE_FOOT_TRUCK,,1801
11358H4WH,AECNO,AZNG,SDF6->RPNC,TransfersOutsideServices,2026-09-23 04:00:00,2026-09-22 23:34:41,2026-09-23 11:37:00,,,AZNG-W33335,True,2026-09-23 04:00:00,-3.93,FIFTY_THREE_FOOT_TRUCK,,415
1143SW1RB,AEOXJ,AZNG,SDF6->RPNC,TransfersOutsideServices,2026-09-23 04:00:00,2026-09-22 14:40:39,2026-09-23 11:37:00,,,AZNG-VL786172,False,2026-09-23 04:00:00,-12.83,FIFTY_THREE_FOOT_TRUCK,,456
115KT75RJ,AECNO,AZNG,SDF6->RPNC,TransfersOutsideServices,2026-09-23 03:15:00,2026-09-23 03:00:00,2026-09-23 13:26:00,,,AZNG-W33335,False,2026-09-23 03:15:00,0.0,FIFTY_THREE_FOOT_TRUCK,,0
1165D9X4H,AQWXR,AZNG,TUS1->RPNV,TransfersOutsideServices,2026-09-23 03:00:00,2026-09-23 01:19:59,2026-09-23 09:46:00,,,AZNG-HV2601127,False,2026-09-23 03:00:00,-1.18,FIFTY_THREE_FOOT_TRUCK,,521
113PJYT8K,AJZYZ,AJZYZ,CVG2->RPNC,TransfersOutsideServices,2026-09-22 23:00:00,,2026-09-23 07:53:00,,,AZNG-HV2500054,False,2026-09-22 23:00:00,,FIFTY_THREE_FOOT_TRUCK,,0
112GZ5TBD,AJZYZ,AZNG,CVG2->RPNC,TransfersOutsideServices,2026-09-22 23:00:00,,2026-09-23 09:20:00,,,AZNG-SV2202295,False,2026-09-22 23:00:00,,FIFTY_THREE_FOOT_TRUCK,,0
115RPR666,AXVBV,AZNG,CVG2->RGLD->RTPX,TransfersOutsideServices,2026-09-22 20:30:00,2026-09-22 18:33:02,2026-09-24 01:00:00,,,AZNG-V573776,False,2026-09-22 20:30:00,-1.45,FIFTY_THREE_FOOT_TRUCK,,875
114XC63W8,ATSD1,AZNG,TEN1->RTPX,TransfersOutsideServices,2026-09-22 16:00:00,,2026-09-24 15:00:00,,,AZNG-HV2303250,True,2026-09-22 16:00:00,,FIFTY_THREE_FOOT_TRUCK,,0
113TW918H,AOPOT,AZNG,RRPR->CMH3,TransfersOutsideServices,2026-09-22 15:30:00,,2026-09-22 17:23:00,,,,True,2026-09-22 15:30:00,,FIFTY_THREE_FOOT_TRUCK,,0
113LNZRJJ,AAJYI,AZNG,RIMG->FTW5,TransfersOutsideServices,2026-09-22 15:00:00,2026-09-22 13:53:53,2026-09-22 16:58:00,2026-09-22 16:59:47,2026-09-23 16:28:59,AZNG-HV2202817,False,2026-09-22 15:00:00,-0.62,FIFTY_THREE_FOOT_TRUCK,,0
111BW1LZQ,AVZFM,AZNG,IND8->RRPR,TransfersOutsideServices,2026-09-22 13:45:00,2026-09-22 13:10:53,2026-09-23 03:17:00,,,AZNG-SV2700138,True,2026-09-22 13:45:00,-0.08,FIFTY_THREE_FOOT_TRUCK,,0
115XLVXVJ,AMWYO,AZNG,LAS2->PHX6->TUS1->RTPX,TransfersOutsideServices,2026-09-22 13:00:00,2026-09-22 11:45:43,2026-09-24 15:00:00,,,AZNG-HV2500262,False,2026-09-22 13:00:00,-0.75,FIFTY_THREE_FOOT_TRUCK,,929
115NHR1SL,AYSRL,AZNG,RTPX->HSV1,TransfersOutsideServices,2026-09-22 13:00:00,2026-09-22 09:02:11,2026-09-23 13:17:00,2026-09-23 12:01:44,,AZNG-HV2306269,False,2026-09-22 13:00:00,-1.97,FIFTY_THREE_FOOT_TRUCK,,0
113ZHD957,AXWAX,AZNG,EWR7->RPNC,TransfersOutsideServices,2026-09-22 12:00:00,2026-09-22 11:54:59,2026-09-24 01:40:00,,,AZNG-SV2604986,False,2026-09-22 12:00:00,0.4,FIFTY_THREE_FOOT_TRUCK,,384
111L6685C,AFJCH,AZNG,RTPX->HSV1,TransfersOutsideServices,2026-09-22 12:00:00,2026-09-22 12:51:11,2026-09-23 12:17:00,,,,True,2026-09-22 12:00:00,2.85,FIFTY_THREE_FOOT_TRUCK,,0
115W7Q4P3,ARJBK,AZNG,RRPR->CMH4,TransfersOutsideServices,2026-09-22 11:30:00,2026-09-22 10:47:30,2026-09-22 14:23:00,2026-09-22 14:42:46,2026-09-24 21:05:37,AZNG-V568543,False,2026-09-22 11:30:00,-0.22,FIFTY_THREE_FOOT_TRUCK,,0
114LX58XV,AKVDF,AZNG,RRPR->CMH3,TransfersOutsideServices,2026-09-22 11:30:00,2026-09-22 11:46:11,2026-09-22 13:23:00,2026-09-22 13:34:10,2026-09-27 09:58:39,AZNG-HV2306926,False,2026-09-22 11:30:00,0.77,FIFTY_THREE_FOOT_TRUCK,,0
1158SR6H4,AXOLY,AZNG,TEN1->RPNC,TransfersOutsideServices,2026-09-22 10:30:00,2026-09-22 09:44:30,2026-09-23 09:36:00,,,AZNG-GV2201974,False,2026-09-22 10:30:00,-0.27,FIFTY_THREE_FOOT_TRUCK,,1107
1162VXD8D,ABYSO,AZNG,MEM3->CHA1->PGA1->RARC,TransfersOutsideServices,2026-09-22 10:00:00,2026-09-22 08:01:37,2026-09-23 11:00:00,,,AZNG-V506226,False,2026-09-22 10:00:00,-1.48,FIFTY_THREE_FOOT_TRUCK,,609
113SGSR4X,AYFHF,AZNG,RTPX->DAL3,TransfersOutsideServices,2026-09-22 10:00:00,2026-09-22 08:38:53,2026-09-22 11:07:00,2026-09-22 10:48:20,2026-09-25 03:23:41,AZNG-OV230291,False,2026-09-22 10:00:00,-0.87,FIFTY_THREE_FOOT_TRUCK,,0
114MTD6Y5,AFGGS,AZNG,CVG2->LNRM,TransfersOutsideServices,2026-09-22 10:00:00,2026-09-22 07:43:45,2026-09-22 10:55:00,,,AZNG-V567815,False,2026-09-22 10:00:00,-1.78,FIFTY_THREE_FOOT_TRUCK,,1406
112KV3P9T,TJER,AZNG,RARC->MGE3,TransfersOutsideServices,2026-09-22 10:00:00,2026-09-22 05:14:12,2026-09-22 12:32:00,2026-09-22 12:02:46,2026-09-24 09:00:07,AZNG-W29388,False,2026-09-22 10:00:00,-4.27,FIFTY_THREE_FOOT_TRUCK,,0
113H174X3,ALBYU,AZNG,RPNC->GSO1,TransfersOutsideServices,2026-09-22 09:00:00,2026-09-22 07:45:24,2026-09-22 13:00:00,2026-09-22 11:38:50,2026-09-23 00:40:56,AZNG-V572882,False,2026-09-22 09:00:00,-0.75,FIFTY_THREE_FOOT_TRUCK,,0
115878TXV,AYOUL,AZNG,RTPX->DAL3,TransfersOutsideServices,2026-09-22 09:00:00,2026-09-22 08:14:59,2026-09-22 10:07:00,2026-09-22 09:24:52,2026-09-24 02:23:07,AYOUL-HV2202862,False,2026-09-22 09:00:00,-0.27,FIFTY_THREE_FOOT_TRUCK,,0
115SWNS7M,AVNMF,AZNG,RIVA->YVR3,TransfersOutsideServices,2026-09-22 09:00:00,2026-09-22 08:02:55,2026-09-22 10:17:00,2026-09-22 09:21:00,2026-09-27 17:09:10,AVNMF-WV102,False,2026-09-22 09:00:00,-0.47,FIFTY_THREE_FOOT_TRUCK,,0
112KHQZK2,EGFM,EGFM,YYZ9->RITO,TransfersOutsideServices,2026-09-22 09:00:00,2026-09-22 07:50:05,2026-09-22 10:23:00,,,EGFM-53976,False,2026-09-22 09:00:00,-0.92,FIFTY_THREE_FOOT_TRUCK,,505
114HL4QKQ,HNMC,AZNG,RITO->YYZ9,TransfersOutsideServices,2026-09-22 08:30:00,2026-09-22 04:49:05,2026-09-22 09:55:00,2026-09-22 10:25:55,,AZNG-DV2300089,False,2026-09-22 08:30:00,-2.68,FIFTY_THREE_FOOT_TRUCK,,0
1137BD9Q5,ALZKC,AZNG,RPNV->LAS6,TransfersOutsideServices,2026-09-22 08:00:00,2026-09-22 06:54:55,2026-09-22 08:39:00,2026-09-22 08:16:53,2026-09-23 23:24:55,AZNG-V569871,False,2026-09-22 08:00:00,-0.6,FIFTY_THREE_FOOT_TRUCK,,0
111T47VS3,AMUNS,AZNG,RPNC->GSO1,TransfersOutsideServices,2026-09-22 08:00:00,2026-09-22 06:59:49,2026-09-22 12:00:00,2026-09-22 11:18:40,2026-09-23 00:02:16,AZNG-HV2604739,False,2026-09-22 08:00:00,-0.52,FIFTY_THREE_FOOT_TRUCK,,0
114F86ZN1,ALZKC,AZNG,RPNV->LAS6,TransfersOutsideServices,2026-09-22 08:00:00,2026-09-22 06:33:09,2026-09-22 08:39:00,,,,True,2026-09-22 08:00:00,-0.95,FIFTY_THREE_FOOT_TRUCK,,0
111WYV64C,AEISV,AZNG,LEX2->RPNC,TransfersOutsideServices,2026-09-22 06:45:00,2026-09-22 05:59:34,2026-09-23 00:31:00,,,AZNG-WV2502062,False,2026-09-22 06:45:00,-0.27,FIFTY_THREE_FOOT_TRUCK,,466
1123W3NQN,AQOSO,AZNG,LEX1->RPNC,TransfersOutsideServices,2026-09-22 05:45:00,2026-09-22 04:39:43,2026-09-22 13:05:00,,,AZNG-VL786449,False,2026-09-22 05:45:00,-0.85,FIFTY_THREE_FOOT_TRUCK,,591
111YMYSM4,AIAXU,AZNG,CVG2->RPNC,TransfersOutsideServices,2026-09-22 05:30:00,2026-09-21 17:46:19,2026-09-22 13:55:00,,,AZNG-V504212,False,2026-09-22 05:30:00,-11.23,FIFTY_THREE_FOOT_TRUCK,,710
116DLKY6N,AQWXR,AZNG,TUS1->RPNV,TransfersOutsideServices,2026-09-22 04:30:00,2026-09-22 02:57:28,2026-09-22 11:16:00,,,AZNG-V567929,False,2026-09-22 04:30:00,-1.05,FIFTY_THREE_FOOT_TRUCK,,904
114HNHX51,AWAZX,AZNG,SDF6->RPNC,TransfersOutsideServices,2026-09-22 04:00:00,2026-09-22 03:12:13,2026-09-22 11:37:00,,,AZNG-OV230539,False,2026-09-22 04:00:00,-0.3,FIFTY_THREE_FOOT_TRUCK,,396
116NRQS3B,AUYZW,AZNG,SDF6->RPNC,TransfersOutsideServices,2026-09-22 04:00:00,2026-09-22 00:47:23,2026-09-22 11:41:00,,,AZNG-V561202,False,2026-09-22 04:00:00,-2.97,FIFTY_THREE_FOOT_TRUCK,,407
1146RD3HV,ASVBQ,AZNG,HOU3->RARC,TransfersOutsideServices,2026-09-22 01:00:00,2026-09-21 22:33:48,2026-09-23 19:48:00,,,AZNG-GV2200280,False,2026-09-22 01:00:00,-1.95,FIFTY_THREE_FOOT_TRUCK,,1273
1128HF8FS,AJZYZ,AJZYZ,CVG2->RPNC,TransfersOutsideServices,2026-09-21 23:00:00,,2026-09-22 07:53:00,,,AZNG-HV2304370,False,2026-09-21 23:00:00,,FIFTY_THREE_FOOT_TRUCK,,0
111H2ZGRB,AJZYZ,AJZYZ,CVG2->RPNC,TransfersOutsideServices,2026-09-21 23:00:00,,2026-09-22 07:53:00,,,AZNG-V571055,True,2026-09-21 23:00:00,,FIFTY_THREE_FOOT_TRUCK,,0
1141YGGBB,NCSL,NCSL,YYZ9->RITO,TransfersOutsideServices,2026-09-21 16:30:00,2026-09-21 15:45:17,2026-09-21 20:00:00,,,,False,2026-09-21 16:30:00,-0.25,FIFTY_THREE_FOOT_TRUCK,,148
112ZT1ZGQ,AHZDV,AZNG,LEX2->RRPR,TransfersOutsideServices,2026-09-21 16:30:00,2026-09-21 15:55:22,2026-09-21 18:41:00,,,AZNG-GV2202627,False,2026-09-21 16:30:00,-0.08,FIFTY_THREE_FOOT_TRUCK,,555
112J4VG3M,AGKTV,AZNG,RPNC->GSO1,TransfersOutsideServices,2026-09-21 16:00:00,,2026-09-21 20:00:00,,,,True,2026-09-21 16:00:00,,FIFTY_THREE_FOOT_TRUCK,,0
111HWJB2S,AGXAE,AZNG,PGA1->CHA1->MEM3->RTPX,TransfersOutsideServices,2026-09-21 16:00:00,2026-09-21 18:22:23,2026-09-24 16:00:00,,,AZNG-V566379,False,2026-09-21 16:00:00,2.87,FIFTY_THREE_FOOT_TRUCK,,489
115P2BS82,AICUV,AZNG,RPNC->GSO1,TransfersOutsideServices,2026-09-21 14:00:00,,2026-09-21 18:00:00,,,,False,2026-09-21 14:00:00,,FIFTY_THREE_FOOT_TRUCK,,0
114RWYH2V,AGWGV,AZNG,RIMG->FTW5,TransfersOutsideServices,2026-09-21 14:00:00,,2026-09-21 15:58:00,,,,True,2026-09-21 14:00:00,,FIFTY_THREE_FOOT_TRUCK,,0
1156ZVFR6,AJAZF,AZNG,RTPX->HSV1,TransfersOutsideServices,2026-09-21 13:00:00,2026-09-20 20:33:31,2026-09-22 13:17:00,2026-09-22 09:33:21,2026-09-26 12:11:48,AZNG-V503237,False,2026-09-21 13:00:00,-14.45,FIFTY_THREE_FOOT_TRUCK,,0
111N9W1CC,AZYMH,AZNG,RPNV->LAS6,TransfersOutsideServices,2026-09-21 12:04:00,2026-09-21 09:39:51,2026-09-21 12:43:00,2026-09-21 10:31:39,2026-09-22 09:47:32,AZNG-HV2601527,False,2026-09-21 12:04:00,-1.92,FIFTY_THREE_FOOT_TRUCK,,0
11215N3DP,AGHIG,AZNG,RPNC->GSO1,TransfersOutsideServices,2026-09-21 12:02:00,2026-09-21 12:28:09,2026-09-21 16:02:00,2026-09-21 18:24:18,2026-09-23 07:14:13,AZNG-V506229,False,2026-09-21 12:02:00,0.93,FIFTY_THREE_FOOT_TRUCK,,0
111412DQ8,ATSD1,AZNG,RTPX->HSV1,TransfersOutsideServices,2026-09-21 12:00:00,2026-09-20 19:42:15,2026-09-22 12:17:00,,,AZNG-V240930,True,2026-09-21 12:00:00,-14.3,FIFTY_THREE_FOOT_TRUCK,,0
116GHWV9G,AHNEM,AZNG,RPNC->GSO1,TransfersOutsideServices,2026-09-21 11:00:00,2026-09-21 09:08:57,2026-09-21 15:00:00,2026-09-21 13:28:01,2026-09-23 20:16:21,AZNG-SV2603343,False,2026-09-21 11:00:00,-1.37,FIFTY_THREE_FOOT_TRUCK,,0
1169BPQQS,AUKDB,AZNG,RITO->YYZ9,TransfersOutsideServices,2026-09-21 11:00:00,2026-09-21 08:16:13,2026-09-21 12:00:00,2026-09-21 10:42:34,2026-09-21 23:27:19,AZNG-SVC260006,False,2026-09-21 11:00:00,-2.23,FIFTY_THREE_FOOT_TRUCK,,0
111VQGB2Y,AAMZO,AZNG,RRPR->CMH3,TransfersOutsideServices,2026-09-21 10:30:00,2026-09-21 08:33:46,2026-09-21 12:23:00,2026-09-21 10:20:32,2026-09-22 13:04:27,AZNG-GV2202805,False,2026-09-21 10:30:00,-1.45,FIFTY_THREE_FOOT_TRUCK,,0
114WBXPDQ,AYZEC,AZNG,RRPR->CMH3,TransfersOutsideServices,2026-09-21 10:30:00,2026-09-21 10:14:12,2026-09-21 12:23:00,2026-09-21 11:54:58,2026-09-22 15:05:20,AZNG-V563813,False,2026-09-21 10:30:00,0.23,FIFTY_THREE_FOOT_TRUCK,,0
116VVHHNP,TOMY,AZNG,LEX1->LNRM,TransfersOutsideServices,2026-09-21 10:01:00,2026-09-21 11:07:37,2026-09-21 12:30:00,,,AZNG-HV2507165,False,2026-09-21 10:01:00,1.12,FIFTY_THREE_FOOT_TRUCK,,9048
115NDK3ZS,AZAKI,AZNG,RTPX->DAL3,TransfersOutsideServices,2026-09-21 10:00:00,2026-09-21 06:33:34,2026-09-21 11:07:00,,,,True,2026-09-21 10:00:00,-2.95,FIFTY_THREE_FOOT_TRUCK,,0
113V2S67F,ADHFK,AZNU,CVG2->RGLD->RTPX,TransfersOutsideServices,2026-09-21 10:00:00,2026-09-21 09:00:33,2026-09-23 11:00:00,,,AZNU-206232,False,2026-09-21 10:00:00,0.0,FIFTY_THREE_FOOT_CONTAINER,,907
112LY57JR,ALYUG,AZNG,CVG2->LNRM,TransfersOutsideServices,2026-09-21 10:00:00,2026-09-21 05:19:56,2026-09-21 10:55:00,,,AZNG-GV2502462,False,2026-09-21 10:00:00,-4.18,FIFTY_THREE_FOOT_TRUCK,,1394
11162LYHF,AICUV,AZNG,RARC->MGE3,TransfersOutsideServices,2026-09-21 10:00:00,,2026-09-21 12:32:00,,,,True,2026-09-21 10:00:00,,FIFTY_THREE_FOOT_TRUCK,,0
112G523XW,AKPHY,AZNG,RPNC->GSO1,TransfersOutsideServices,2026-09-21 10:00:00,2026-09-21 07:58:04,2026-09-22 00:30:00,2026-09-21 23:11:43,2026-09-26 18:51:00,AZNG-HV2507037,False,2026-09-21 10:00:00,-1.53,FIFTY_THREE_FOOT_TRUCK,,0
115YPJ5VJ,EGFM,AZNG,YYZ9->RITO,TransfersOutsideServices,2026-09-21 09:30:00,2026-09-21 08:33:06,2026-09-21 12:00:00,,,AZNG-SWFZ-DV2300684,False,2026-09-21 09:30:00,-0.45,FIFTY_THREE_FOOT_TRUCK,,519
114DGXD5F,DODV,AZNG,RTPX->DAL3,TransfersOutsideServices,2026-09-21 09:00:00,2026-09-21 08:50:27,2026-09-21 10:07:00,,,,True,2026-09-21 09:00:00,0.33,FIFTY_THREE_FOOT_TRUCK,,0
1165TLPZS,AHWGA,AZNG,YYC1->RIVA,TransfersOutsideServices,2026-09-21 09:00:00,2026-09-21 08:16:54,2026-09-22 03:00:00,,,AZNG-DV2300139,False,2026-09-21 09:00:00,-0.23,FIFTY_THREE_FOOT_TRUCK,,97
1113ZJXCV,AELKX,AZNG,RITO->YYZ1,TransfersOutsideServices,2026-09-21 09:00:00,2026-09-21 08:45:09,2026-09-21 09:51:00,2026-09-21 10:19:52,2026-09-28 15:07:38,AZNG-DV2300376,False,2026-09-21 09:00:00,0.75,FIFTY_THREE_FOOT_TRUCK,,0
1123J8DBP,AUXGI,AZNG,CVG2->RRPR,TransfersOutsideServices,2026-09-21 08:45:00,2026-09-21 07:03:38,2026-09-21 09:27:00,,,AZNG-V560545,False,2026-09-21 08:45:00,-1.2,FIFTY_THREE_FOOT_TRUCK,,651
114TSFHJZ,AZNG,AZNG,RPNV->LAS6,TransfersOutsideServices,2026-09-21 08:32:00,,2026-09-21 09:11:00,,,,True,2026-09-21 08:32:00,,FIFTY_THREE_FOOT_TRUCK,,0
111P89524,ANRQK,AZNG,RITO->YYZ9,TransfersOutsideServices,2026-09-21 08:30:00,2026-09-21 02:47:50,2026-09-21 09:55:00,2026-09-21 09:47:25,,AZNG-DVC260122,False,2026-09-21 08:30:00,-4.72,FIFTY_THREE_FOOT_TRUCK,,0
113PSMKX5,APDPH,AZNG,RPNC->GSO1,TransfersOutsideServices,2026-09-21 08:00:00,2026-09-21 07:04:28,2026-09-21 12:00:00,2026-09-21 12:10:01,2026-09-22 19:05:05,AZNG-HV2300869,False,2026-09-21 08:00:00,-0.43,FIFTY_THREE_FOOT_TRUCK,,0
116SQVNN1,AZNG,AZNG,RPNV->LAS6,TransfersOutsideServices,2026-09-21 08:00:00,,2026-09-21 08:39:00,,,,True,2026-09-21 08:00:00,,FIFTY_THREE_FOOT_TRUCK,,0
113NZK8SQ,AGWGV,AZNG,IAH1->RIMG,TransfersOutsideServices,2026-09-21 08:00:00,,2026-09-21 09:21:00,,,,True,2026-09-21 08:00:00,,FIFTY_THREE_FOOT_TRUCK,,0
11212X1YN,AAMZO,AZNG,LEX1->RRPR,TransfersOutsideServices,2026-09-21 07:00:00,2026-09-21 04:45:15,2026-09-21 09:01:00,,,AZNG-GV2203399,False,2026-09-21 07:00:00,-1.75,FIFTY_THREE_FOOT_TRUCK,,792
114MHFKSX,AELKL,AZNG,RPNC->GSO1,TransfersOutsideServices,2026-09-21 07:00:00,2026-09-21 06:46:10,2026-09-21 11:00:00,,,,True,2026-09-21 07:00:00,0.27,FIFTY_THREE_FOOT_TRUCK,,0
116NTS7VJ,AXJWH,AZNG,TEN1->RPNC,TransfersOutsideServices,2026-09-21 06:32:00,2026-09-21 03:31:47,2026-09-22 04:02:00,,,AZNG-V569932,False,2026-09-21 06:32:00,-2.52,FIFTY_THREE_FOOT_TRUCK,,1210
113LJ2HWM,HUBG,HGIU,SDF6->RTPX,TransfersOutsideServices,2026-09-21 05:30:00,2026-09-21 10:25:46,2026-09-22 09:30:00,,,HGIU-640915,False,2026-09-21 05:30:00,5.42,FIFTY_THREE_FOOT_CONTAINER,,417
1163B7PQN,ACTXP,AZNG,TUS1->RPNV,TransfersOutsideServices,2026-09-21 04:30:00,2026-09-21 03:50:46,2026-09-21 11:16:00,,,AZNG-HV2202596,False,2026-09-21 04:30:00,-0.17,FIFTY_THREE_FOOT_TRUCK,,526
11189S1Y7,ARZIL,AZNG,SDF6->RPNC,TransfersOutsideServices,2026-09-21 04:00:00,2026-09-21 02:07:28,2026-09-21 11:37:00,,,AZNG-PTLZ270876,False,2026-09-21 04:00:00,-1.38,FIFTY_THREE_FOOT_TRUCK,,417
111C9BB9V,AGGWR,AZNG,SDF6->RPNC,TransfersOutsideServices,2026-09-21 04:00:00,2026-09-21 03:37:27,2026-09-21 11:37:00,,,AZNG-HV2408243,False,2026-09-21 04:00:00,0.12,FIFTY_THREE_FOOT_TRUCK,,371
111VH6VNH,APMEE,AZNG,TUS1->RIMG,TransfersOutsideServices,2026-09-21 02:00:00,2026-09-21 00:24:21,2026-09-22 11:38:00,,,AZNG-HV2503730,False,2026-09-21 02:00:00,-1.1,FIFTY_THREE_FOOT_TRUCK,,727
1151BQ358,SAGA,AZNG,TUS1->RPNV,TransfersOutsideServices,2026-09-21 00:30:00,2026-09-20 23:29:02,2026-09-21 08:30:00,,,AZNG-GV2203790,False,2026-09-21 00:30:00,-0.52,FIFTY_THREE_FOOT_TRUCK,,601
111DF6S21,AJZYZ,AJZYZ,CVG2->RPNC,TransfersOutsideServices,2026-09-20 23:00:00,,2026-09-21 07:53:00,,,AZNG-V504212,True,2026-09-20 23:00:00,,FIFTY_THREE_FOOT_TRUCK,,0
115GS9G73,AXVZQ,AZNG,TUS1->RIMG,TransfersOutsideServices,2026-09-20 21:00:00,2026-09-20 19:46:09,2026-09-23 16:00:00,,,AZNG-GV2501923,False,2026-09-20 21:00:00,-0.98,FIFTY_THREE_FOOT_TRUCK,,683
116FQYVT7,ARCCQ,,SFW4->DAL2,TransfersOutsideServices,2026-09-20 18:30:00,2026-09-20 18:00:07,2026-09-20 19:30:00,,,AZNG-HV2505465,False,2026-09-20 18:30:00,0.0,FIFTY_THREE_FOOT_TRUCK,,0
111J1WLXQ,AODTV,AZNG,RTPX->DAL2,TransfersOutsideServices,2026-09-20 17:15:00,2026-09-20 17:45:19,2026-09-20 17:56:00,2026-09-20 18:16:13,2026-09-29 12:41:16,AZNG-WV2502076,False,2026-09-20 17:15:00,0.67,FIFTY_THREE_FOOT_TRUCK,,0
112G9XJP6,ARCCQ,AZNG,RIMG->SFW4,TransfersOutsideServices,2026-09-20 15:15:00,2026-09-20 15:07:41,2026-09-20 16:15:00,,,AZNG-HV2505465,False,2026-09-20 15:15:00,0.12,FIFTY_THREE_FOOT_TRUCK,,0
112B3H5XQ,RLB1,AZNU,CVG2->RTPX,TransfersOutsideServices,2026-09-20 08:00:00,,2026-09-21 12:00:00,,,,True,2026-09-20 08:00:00,,FIFTY_THREE_FOOT_CONTAINER,,0
116W2WD4Q,IELQ,AZNG,LAS2->RPNV,TransfersOutsideServices,2026-09-20 02:36:00,2026-09-20 01:55:23,2026-09-20 03:47:00,,,AZNG-HV2201448,False,2026-09-20 02:36:00,-0.18,FIFTY_THREE_FOOT_TRUCK,,1202
111JWV9GF,ARTMO,AZNG,TUS1->RIMG,TransfersOutsideServices,2026-09-20 00:30:00,2026-09-19 21:51:51,2026-09-21 10:08:00,,,AZNG-HV2302248,False,2026-09-20 00:30:00,-2.15,FIFTY_THREE_FOOT_TRUCK,,572
115W7SSYF,ASHTN,AZNG,PGA1->CHA1->MEM3->RTPX,TransfersOutsideServices,2026-09-19 20:45:00,2026-09-19 20:19:19,2026-09-21 12:30:00,,,AZNG-24565,False,2026-09-19 20:45:00,-0.18,FIFTY_THREE_FOOT_TRUCK,,1318
115YLY17B,NCSL,AZNG,TUS1->RIMG,TransfersOutsideServices,2026-09-19 13:00:00,,2026-09-21 14:13:00,,,AZNG-HV2602872,False,2026-09-19 13:00:00,,FIFTY_THREE_FOOT_TRUCK,,0
1119HB1DB,AMVWQ,AZNG,PHX6->TUS1->RTPX,TransfersOutsideServices,2026-09-19 10:00:00,2026-09-19 08:42:42,2026-09-20 20:00:00,,,AZNG-HV2201224,False,2026-09-19 10:00:00,-0.3,FIFTY_THREE_FOOT_TRUCK,,3577
115WGPLF4,AVIXW,AZNG,CVG2->RPNC,TransfersOutsideServices,2026-09-19 08:00:00,2026-09-19 07:10:18,2026-09-19 18:20:00,,,AZNG-DV2600454,False,2026-09-19 08:00:00,-0.58,FIFTY_THREE_FOOT_TRUCK,,738
1119LLNVB,AXVBV,AZNG,HOU3->RARC,TransfersOutsideServices,2026-09-19 02:31:00,2026-09-19 02:17:35,2026-09-20 18:52:00,,,AZNG-WV2502349,False,2026-09-19 02:31:00,0.02,FIFTY_THREE_FOOT_TRUCK,,1004
114F5Z1GL,AZGRG,AZNG,EWR7->LEX1->LEX2->RTPX,TransfersOutsideServices,2026-09-19 02:00:00,2026-09-19 00:22:36,2026-09-21 13:30:00,,,AZNG-HV2604820,False,2026-09-19 02:00:00,-1.13,FIFTY_THREE_FOOT_TRUCK,,599
112NFGZH1,ARCCQ,AZNG,TUS1->RIMG,TransfersOutsideServices,2026-09-18 19:28:00,2026-09-18 18:33:02,2026-09-20 13:08:00,,,AZNG-HV2505465,False,2026-09-18 19:28:00,-0.67,FIFTY_THREE_FOOT_TRUCK,,664
113H5JVSM,ASTGM,AZNG,RPNC->GSO1,TransfersOutsideServices,2026-09-18 18:00:00,2026-09-18 06:18:45,2026-09-18 22:00:00,,,,True,2026-09-18 18:00:00,-11.2,FIFTY_THREE_FOOT_TRUCK,,0
1112H6M2M,AODTV,AZNG,TEN1->RTPX,TransfersOutsideServices,2026-09-18 16:30:00,2026-09-18 14:52:22,2026-09-20 14:00:00,,,AZNG-WV2502076,False,2026-09-18 16:30:00,-0.63,FIFTY_THREE_FOOT_TRUCK,,717
115B4GMWV,ACPXH,AZNG,RGLD->MQY1,TransfersOutsideServices,2026-09-18 15:00:00,2026-09-18 15:27:12,2026-09-18 16:08:00,2026-09-18 17:30:48,2026-09-23 21:16:43,AZNG-HV2602627,False,2026-09-18 15:00:00,0.95,FIFTY_THREE_FOOT_TRUCK,,0
114QZW8DQ,AEPBQ,AZNG,RIMG->FTW5,TransfersOutsideServices,2026-09-18 14:00:00,2026-09-18 15:38:07,2026-09-18 15:58:00,,,,True,2026-09-18 14:00:00,3.63,FIFTY_THREE_FOOT_TRUCK,,0
115RX5WVY,ABUWB,AZNG,RIVA->YVR3,TransfersOutsideServices,2026-09-18 13:16:00,2026-09-18 11:07:54,2026-09-18 14:32:00,2026-09-18 13:01:46,2026-09-25 00:44:42,AZNG-DV2400598,False,2026-09-18 13:16:00,-2.13,FIFTY_THREE_FOOT_TRUCK,,0
112J5BKRY,ADZIB,AZNG,RTPX->HSV1,TransfersOutsideServices,2026-09-18 13:00:00,2026-09-18 06:21:47,2026-09-19 12:00:00,2026-09-19 00:15:49,2026-09-28 12:14:03,AZNG-V570087,False,2026-09-18 13:00:00,-6.15,FIFTY_THREE_FOOT_TRUCK,,0
111BRTXR1,AUDWB,AZNG,RIMG->FTW5,TransfersOutsideServices,2026-09-18 12:00:00,2026-09-18 11:01:57,2026-09-18 13:47:00,2026-09-18 13:07:53,2026-09-24 16:50:29,AZNG-SV2602535,False,2026-09-18 12:00:00,-0.48,FIFTY_THREE_FOOT_TRUCK,,0
1111J4JRM,AAXSY,AZNG,RIMG->FTW6,TransfersOutsideServices,2026-09-18 11:00:00,,2026-09-18 12:00:00,,,,True,2026-09-18 11:00:00,,FIFTY_THREE_FOOT_TRUCK,,0
116BK2V58,ABUWB,AZNG,YVR3->RIVA,TransfersOutsideServices,2026-09-18 11:00:00,2026-09-18 10:10:24,2026-09-18 12:15:00,,,AZNG-DV2400598,False,2026-09-18 11:00:00,-0.58,FIFTY_THREE_FOOT_TRUCK,,577
1154NZYGZ,AZBSE,AZNG,LEX1->LNRM,TransfersOutsideServices,2026-09-18 10:30:00,2026-09-18 09:10:44,2026-09-18 12:41:00,,,AZNG-22580,False,2026-09-18 10:30:00,-0.83,FIFTY_THREE_FOOT_TRUCK,,11547
113VTD491,BLUC,AZNG,RTPX->DAL3,TransfersOutsideServices,2026-09-18 10:00:00,2026-09-18 08:36:37,2026-09-18 11:07:00,,,,True,2026-09-18 10:00:00,-0.9,FIFTY_THREE_FOOT_TRUCK,,0
116HFXJ8Y,ALYUG,AZNG,CVG2->LNRM,TransfersOutsideServices,2026-09-18 10:00:00,2026-09-18 02:22:39,2026-09-18 10:52:00,,,AZNG-SV2604501,False,2026-09-18 10:00:00,-7.13,FIFTY_THREE_FOOT_TRUCK,,1438
113B6GFRZ,ATSD1,AZNG,RTPX->HSV1,TransfersOutsideServices,2026-09-18 10:00:00,2026-09-18 09:02:51,2026-09-19 12:17:00,,,AZNG-HV2202527,False,2026-09-18 10:00:00,1.03,FIFTY_THREE_FOOT_TRUCK,,0
11626BSF3,VAIB,AZNG,YYZ1->RITO,TransfersOutsideServices,2026-09-18 10:00:00,2026-09-18 07:03:59,2026-09-18 10:49:00,,,AZNG-DV2300152,False,2026-09-18 10:00:00,-2.7,FIFTY_THREE_FOOT_TRUCK,,535
112PPJYYR,AHBAT,AZNG,RARC->AGS1,TransfersOutsideServices,2026-09-18 10:00:00,2026-09-18 09:04:46,2026-09-18 11:18:00,2026-09-18 10:49:50,2026-09-18 17:36:32,,False,2026-09-18 10:00:00,-0.43,TWENTY_SIX_FOOT_BOX_TRUCK,,0
113JW19K7,TOMY,AZNG,RPNV->LAS7,TransfersOutsideServices,2026-09-18 10:00:00,2026-09-18 09:27:07,2026-09-18 10:54:00,2026-09-18 10:37:35,2026-09-20 23:42:40,AZNG-V523264,False,2026-09-18 10:00:00,-0.05,FIFTY_THREE_FOOT_TRUCK,,0
116BNR1KL,DAVJ,AZNG,RARC->MGE3,TransfersOutsideServices,2026-09-18 10:00:00,2026-09-18 08:38:55,2026-09-18 12:32:00,2026-09-18 11:56:59,2026-09-19 01:32:48,AZNG-HV2303331,False,2026-09-18 10:00:00,-0.87,FIFTY_THREE_FOOT_TRUCK,,0
1146B9VJG,ABKBR,AZNG,RPNC->GSO1,TransfersOutsideServices,2026-09-18 09:00:00,2026-09-18 07:29:49,2026-09-18 13:00:00,2026-09-18 12:52:49,2026-09-20 01:06:49,AZNG-V509524,False,2026-09-18 09:00:00,-1.02,FIFTY_THREE_FOOT_TRUCK,,0
111N8LHXR,AZNG,AZNG,RIVA->YVR3,TransfersOutsideServices,2026-09-18 09:00:00,,2026-09-18 10:17:00,,,,True,2026-09-18 09:00:00,,FIFTY_THREE_FOOT_TRUCK,,0
114R7NQWM,SPQK,AZNG,RITO->YYZ1,TransfersOutsideServices,2026-09-18 09:00:00,2026-09-18 05:32:32,2026-09-18 09:51:00,,,,True,2026-09-18 09:00:00,-2.47,FIFTY_THREE_FOOT_TRUCK,,0
11147D148,AMOHA,AZNG,RTPX->DAL3,TransfersOutsideServices,2026-09-18 09:00:00,2026-09-18 07:45:40,2026-09-18 10:07:00,2026-09-18 10:22:15,2026-09-20 21:53:08,AZNG-HV2301561,False,2026-09-18 09:00:00,-0.75,FIFTY_THREE_FOOT_TRUCK,,0
1134DQ29X,ACDUM,AZNG,RITO->YYZ9,TransfersOutsideServices,2026-09-18 08:30:00,2026-09-18 06:56:39,2026-09-18 09:55:00,,,,True,2026-09-18 08:30:00,-0.57,FIFTY_THREE_FOOT_TRUCK,,0
112NC2PG3,AESEY,AZNG,RPNV->LAS6,TransfersOutsideServices,2026-09-18 08:00:00,2026-09-18 05:36:06,2026-09-18 08:39:00,2026-09-18 06:49:24,2026-09-20 00:03:31,AZNG-GV2500994,False,2026-09-18 08:00:00,-1.9,FIFTY_THREE_FOOT_TRUCK,,0
111CNDHYS,AMDVN,AZNG,RPNC->GSO1,TransfersOutsideServices,2026-09-18 08:00:00,2026-09-18 07:54:43,2026-09-18 12:00:00,2026-09-18 13:10:04,2026-09-19 15:05:35,AZNG-HV2300806,False,2026-09-18 08:00:00,0.4,FIFTY_THREE_FOOT_TRUCK,,0
115DTJYN6,AWVZN,AZNG,RPNV->LAS6,TransfersOutsideServices,2026-09-18 08:00:00,2026-09-18 07:04:51,2026-09-18 08:39:00,2026-09-18 08:18:22,2026-09-21 10:31:36,AZNG-V500700,False,2026-09-18 08:00:00,-0.43,FIFTY_THREE_FOOT_TRUCK,,0
1153V44ZJ,AYDCG,AZNG,TUS1->RPNV,TransfersOutsideServices,2026-09-18 04:30:00,2026-09-18 01:55:55,2026-09-18 11:16:00,,,AZNG-24427,False,2026-09-18 04:30:00,-2.08,FIFTY_THREE_FOOT_TRUCK,,645
1113YP356,AFQNN,AZNG,SDF6->RPNC,TransfersOutsideServices,2026-09-18 04:00:00,2026-09-18 03:06:31,2026-09-18 11:41:00,,,AZNG-HV2202671,False,2026-09-18 04:00:00,-0.65,FIFTY_THREE_FOOT_TRUCK,,396
113WJ2DRQ,AMJBC,AZNG,SDF6->RPNC,TransfersOutsideServices,2026-09-18 04:00:00,2026-09-17 20:51:31,2026-09-18 11:40:00,,,AZNG-SV2700367,False,2026-09-18 04:00:00,-6.65,FIFTY_THREE_FOOT_TRUCK,,395
115KYF1ZZ,AYVGD,AZNG,TEN1->RPNC,TransfersOutsideServices,2026-09-18 03:30:00,2026-09-17 21:33:23,2026-09-19 03:30:00,,,AZNG-WV2501489,False,2026-09-18 03:30:00,-5.45,FIFTY_THREE_FOOT_TRUCK,,989
114J5LRK4,ARKJF,AZNG,SDF9->LNRM,TransfersOutsideServices,2026-09-17 21:30:00,2026-09-17 20:38:45,2026-09-18 07:00:00,,,AZNG-V569257,False,2026-09-17 21:30:00,-0.37,FIFTY_THREE_FOOT_TRUCK,,9577
1114L3QXN,NCSL,AZNG,SDF9->LNRM,TransfersOutsideServices,2026-09-17 20:30:00,,2026-09-18 00:00:00,,,AZNU-206424,False,2026-09-17 20:30:00,,FIFTY_THREE_FOOT_TRUCK,,0
1163F9Q7T,ACCVH,AZNG,TEN1->RPNC,TransfersOutsideServices,2026-09-17 17:30:00,2026-09-17 13:59:56,2026-09-19 21:45:00,,,AZNG-V240717,False,2026-09-17 17:30:00,-3.27,FIFTY_THREE_FOOT_TRUCK,,1087
112C79SFB,ALYUG,AZNG,CVG2->RRPR,TransfersOutsideServices,2026-09-17 17:30:00,2026-09-17 15:16:12,2026-09-18 13:30:00,,,AZNG-SV2600189,False,2026-09-17 17:30:00,-1.98,FIFTY_THREE_FOOT_TRUCK,,600
1156VXJB2,AWJMF,AZNG,TUS1->RPNV,TransfersOutsideServices,2026-09-17 17:17:00,2026-09-17 10:04:20,2026-09-18 01:07:00,,,AZNG-V507811,False,2026-09-17 17:17:00,-6.97,FIFTY_THREE_FOOT_TRUCK,,520
1131J22LH,AYDCG,AZNG,TUS1->RPNV,TransfersOutsideServices,2026-09-17 16:48:00,2026-09-17 14:40:45,2026-09-18 00:38:00,,,AZNG-W32304,False,2026-09-17 16:48:00,-1.88,FIFTY_THREE_FOOT_TRUCK,,607
